id_ticket,actividad,inicio_actividad,fin_actividad,duracion_horas
TCK-1001,Aprobación por Comité,2025-01-12,2025-01-12,0.0
TCK-1001,Cierre del Ticket,2025-10-05,2025-10-05,0.0
TCK-1001,Creación de Ticket,2025-01-01,2025-01-01,0.0
TCK-1001,Evaluación de Requerimiento,2025-01-02,2025-01-02,0.0
TCK-1001,Fin de Fase,2025-12-12,2025-12-12,0.0
TCK-1001,Ingreso a Backlog,2025-01-10,2025-01-10,0.0
TCK-1001,Inicio de Fase,2025-11-05,2025-11-05,0.0
TCK-1001,Resolución del Requerimiento,2025-10-05,2025-10-05,0.0
TCK-1001,Validación QA,2025-11-26,2025-11-26,0.0
TCK-1002,Aprobación por Comité,2025-01-12,2025-01-12,0.0
TCK-1002,Cierre del Ticket,2025-10-05,2025-10-05,0.0
TCK-1002,Creación de Ticket,2025-01-01,2025-01-01,0.0
TCK-1002,Evaluación de Requerimiento,2025-01-02,2025-01-02,0.0
TCK-1002,Fin de Fase,2025-12-09,2025-12-09,0.0
TCK-1002,Ingreso a Backlog,2025-01-10,2025-01-10,0.0
TCK-1002,Inicio de Fase,2025-09-10,2025-09-10,0.0
TCK-1002,Resolución del Requerimiento,2025-10-05,2025-10-05,0.0
TCK-1002,Validación QA,2025-12-03,2025-12-03,0.0
TCK-1003,Aprobación por Comité,2025-01-12,2025-01-12,0.0
TCK-1003,Cierre del Ticket,2025-10-05,2025-10-05,0.0
TCK-1003,Creación de Ticket,2025-01-01,2025-01-01,0.0
TCK-1003,Evaluación de Requerimiento,2025-01-02,2025-01-02,0.0
TCK-1003,Fin de Fase,2025-12-10,2025-12-10,0.0
TCK-1003,Ingreso a Backlog,2025-01-10,2025-01-10,0.0
TCK-1003,Inicio de Fase,2025-09-24,2025-09-24,0.0
TCK-1003,Resolución del Requerimiento,2025-10-05,2025-10-05,0.0
TCK-1003,Validación QA,2025-11-29,2025-11-29,0.0
TCK-1004,Aprobación por Comité,2025-01-12,2025-01-12,0.0
TCK-1004,Cierre del Ticket,2025-10-05,2025-10-05,0.0
TCK-1004,Creación de Ticket,2025-01-01,2025-01-01,0.0
TCK-1004,Evaluación de Requerimiento,2025-01-02,2025-01-02,0.0
TCK-1004,Fin de Fase,2025-12-10,2025-12-10,0.0
TCK-1004,Ingreso a Backlog,2025-01-10,2025-01-10,0.0
TCK-1004,Inicio de Fase,2025-11-04,2025-11-04,0.0
TCK-1004,Resolución del Requerimiento,2025-10-05,2025-10-05,0.0
TCK-1004,Validación QA,2025-11-29,2025-11-29,0.0
TCK-1005,Aprobación por Comité,2025-01-13,2025-01-13,0.0
TCK-1005,Cierre del Ticket,2025-10-06,2025-10-06,0.0
TCK-1005,Creación de Ticket,2025-01-02,2025-01-02,0.0
TCK-1005,Evaluación de Requerimiento,2025-01-03,2025-01-03,0.0
TCK-1005,Fin de Fase,2025-12-13,2025-12-13,0.0
TCK-1005,Ingreso a Backlog,2025-01-11,2025-01-11,0.0
TCK-1005,Inicio de Fase,2025-11-17,2025-11-17,0.0
TCK-1005,Resolución del Requerimiento,2025-10-06,2025-10-06,0.0
TCK-1005,Validación QA,2025-11-23,2025-11-23,0.0
TCK-1006,Aprobación por Comité,2025-01-13,2025-01-13,0.0
TCK-1006,Cierre del Ticket,2025-10-06,2025-10-06,0.0
TCK-1006,Creación de Ticket,2025-01-02,2025-01-02,0.0
TCK-1006,Evaluación de Requerimiento,2025-01-03,2025-01-03,0.0
TCK-1006,Fin de Fase,2025-12-11,2025-12-11,0.0
TCK-1006,Ingreso a Backlog,2025-01-11,2025-01-11,0.0
TCK-1006,Inicio de Fase,2025-11-05,2025-11-05,0.0
TCK-1006,Resolución del Requerimiento,2025-10-06,2025-10-06,0.0
TCK-1006,Validación QA,2025-12-02,2025-12-02,0.0
TCK-1007,Aprobación por Comité,2025-01-13,2025-01-13,0.0
TCK-1007,Cierre del Ticket,2025-10-06,2025-10-06,0.0
TCK-1007,Creación de Ticket,2025-01-02,2025-01-02,0.0
TCK-1007,Evaluación de Requerimiento,2025-01-03,2025-01-03,0.0
TCK-1007,Fin de Fase,2025-12-13,2025-12-13,0.0
TCK-1007,Ingreso a Backlog,2025-01-11,2025-01-11,0.0
TCK-1007,Inicio de Fase,2025-10-08,2025-10-08,0.0
TCK-1007,Resolución del Requerimiento,2025-10-06,2025-10-06,0.0
TCK-1007,Validación QA,2025-11-25,2025-11-25,0.0
TCK-1008,Aprobación por Comité,2025-01-14,2025-01-14,0.0
TCK-1008,Cierre del Ticket,2025-10-07,2025-10-07,0.0
TCK-1008,Creación de Ticket,2025-01-03,2025-01-03,0.0
TCK-1008,Evaluación de Requerimiento,2025-01-04,2025-01-04,0.0
TCK-1008,Fin de Fase,2025-12-10,2025-12-10,0.0
TCK-1008,Ingreso a Backlog,2025-01-12,2025-01-12,0.0
TCK-1008,Inicio de Fase,2025-10-29,2025-10-29,0.0
TCK-1008,Resolución del Requerimiento,2025-10-07,2025-10-07,0.0
TCK-1008,Validación QA,2025-11-26,2025-11-26,0.0
TCK-1009,Aprobación por Comité,2025-01-14,2025-01-14,0.0
TCK-1009,Cierre del Ticket,2025-10-07,2025-10-07,0.0
TCK-1009,Creación de Ticket,2025-01-03,2025-01-03,0.0
TCK-1009,Evaluación de Requerimiento,2025-01-04,2025-01-04,0.0
TCK-1009,Fin de Fase,2025-12-08,2025-12-08,0.0
TCK-1009,Ingreso a Backlog,2025-01-12,2025-01-12,0.0
TCK-1009,Inicio de Fase,2025-11-27,2025-11-27,0.0
TCK-1009,Resolución del Requerimiento,2025-10-07,2025-10-07,0.0
TCK-1009,Validación QA,2025-11-23,2025-11-23,0.0
TCK-1010,Aprobación por Comité,2025-01-14,2025-01-14,0.0
TCK-1010,Cierre del Ticket,2025-10-07,2025-10-07,0.0
TCK-1010,Creación de Ticket,2025-01-03,2025-01-03,0.0
TCK-1010,Evaluación de Requerimiento,2025-01-04,2025-01-04,0.0
TCK-1010,Fin de Fase,2025-12-05,2025-12-05,0.0
TCK-1010,Ingreso a Backlog,2025-01-12,2025-01-12,0.0
TCK-1010,Inicio de Fase,2025-10-18,2025-10-18,0.0
TCK-1010,Resolución del Requerimiento,2025-10-07,2025-10-07,0.0
TCK-1010,Validación QA,2025-12-01,2025-12-01,0.0
TCK-1011,Aprobación por Comité,2025-01-14,2025-01-14,0.0
TCK-1011,Cierre del Ticket,2025-10-07,2025-10-07,0.0
TCK-1011,Creación de Ticket,2025-01-03,2025-01-03,0.0
TCK-1011,Evaluación de Requerimiento,2025-01-04,2025-01-04,0.0
TCK-1011,Fin de Fase,2025-12-05,2025-12-05,0.0
TCK-1011,Ingreso a Backlog,2025-01-12,2025-01-12,0.0
TCK-1011,Inicio de Fase,2025-10-05,2025-10-05,0.0
TCK-1011,Resolución del Requerimiento,2025-10-07,2025-10-07,0.0
TCK-1011,Validación QA,2025-11-30,2025-11-30,0.0
TCK-1012,Aprobación por Comité,2025-01-15,2025-01-15,0.0
TCK-1012,Cierre del Ticket,2025-10-08,2025-10-08,0.0
TCK-1012,Creación de Ticket,2025-01-04,2025-01-04,0.0
TCK-1012,Evaluación de Requerimiento,2025-01-05,2025-01-05,0.0
TCK-1012,Fin de Fase,2025-12-12,2025-12-12,0.0
TCK-1012,Ingreso a Backlog,2025-01-13,2025-01-13,0.0
TCK-1012,Inicio de Fase,2025-10-11,2025-10-11,0.0
TCK-1012,Resolución del Requerimiento,2025-10-08,2025-10-08,0.0
TCK-1012,Validación QA,2025-12-02,2025-12-02,0.0
TCK-1013,Aprobación por Comité,2025-01-15,2025-01-15,0.0
TCK-1013,Cierre del Ticket,2025-10-08,2025-10-08,0.0
TCK-1013,Creación de Ticket,2025-01-04,2025-01-04,0.0
TCK-1013,Evaluación de Requerimiento,2025-01-05,2025-01-05,0.0
TCK-1013,Fin de Fase,2025-12-11,2025-12-11,0.0
TCK-1013,Ingreso a Backlog,2025-01-13,2025-01-13,0.0
TCK-1013,Inicio de Fase,2025-09-29,2025-09-29,0.0
TCK-1013,Resolución del Requerimiento,2025-10-08,2025-10-08,0.0
TCK-1013,Validación QA,2025-11-29,2025-11-29,0.0
TCK-1014,Aprobación por Comité,2025-01-15,2025-01-15,0.0
TCK-1014,Cierre del Ticket,2025-10-08,2025-10-08,0.0
TCK-1014,Creación de Ticket,2025-01-04,2025-01-04,0.0
TCK-1014,Evaluación de Requerimiento,2025-01-05,2025-01-05,0.0
TCK-1014,Fin de Fase,2025-12-12,2025-12-12,0.0
TCK-1014,Ingreso a Backlog,2025-01-13,2025-01-13,0.0
TCK-1014,Inicio de Fase,2025-09-18,2025-09-18,0.0
TCK-1014,Resolución del Requerimiento,2025-10-08,2025-10-08,0.0
TCK-1014,Validación QA,2025-11-24,2025-11-24,0.0
TCK-1015,Aprobación por Comité,2025-01-16,2025-01-16,0.0
TCK-1015,Cierre del Ticket,2025-10-09,2025-10-09,0.0
TCK-1015,Creación de Ticket,2025-01-05,2025-01-05,0.0
TCK-1015,Evaluación de Requerimiento,2025-01-06,2025-01-06,0.0
TCK-1015,Fin de Fase,2025-12-11,2025-12-11,0.0
TCK-1015,Ingreso a Backlog,2025-01-14,2025-01-14,0.0
TCK-1015,Inicio de Fase,2025-11-18,2025-11-18,0.0
TCK-1015,Resolución del Requerimiento,2025-10-09,2025-10-09,0.0
TCK-1015,Validación QA,2025-11-27,2025-11-27,0.0
TCK-1016,Aprobación por Comité,2025-01-16,2025-01-16,0.0
TCK-1016,Cierre del Ticket,2025-10-09,2025-10-09,0.0
TCK-1016,Creación de Ticket,2025-01-05,2025-01-05,0.0
TCK-1016,Evaluación de Requerimiento,2025-01-06,2025-01-06,0.0
TCK-1016,Fin de Fase,2025-12-12,2025-12-12,0.0
TCK-1016,Ingreso a Backlog,2025-01-14,2025-01-14,0.0
TCK-1016,Inicio de Fase,2025-11-14,2025-11-14,0.0
TCK-1016,Resolución del Requerimiento,2025-10-09,2025-10-09,0.0
TCK-1016,Validación QA,2025-11-30,2025-11-30,0.0
TCK-1017,Aprobación por Comité,2025-01-16,2025-01-16,0.0
TCK-1017,Cierre del Ticket,2025-10-09,2025-10-09,0.0
TCK-1017,Creación de Ticket,2025-01-05,2025-01-05,0.0
TCK-1017,Evaluación de Requerimiento,2025-01-06,2025-01-06,0.0
TCK-1017,Fin de Fase,2025-12-12,2025-12-12,0.0
TCK-1017,Ingreso a Backlog,2025-01-14,2025-01-14,0.0
TCK-1017,Inicio de Fase,2025-09-05,2025-09-05,0.0
TCK-1017,Resolución del Requerimiento,2025-10-09,2025-10-09,0.0
TCK-1017,Validación QA,2025-11-29,2025-11-29,0.0
TCK-1018,Aprobación por Comité,2025-01-17,2025-01-17,0.0
TCK-1018,Cierre del Ticket,2025-10-10,2025-10-10,0.0
TCK-1018,Creación de Ticket,2025-01-06,2025-01-06,0.0
TCK-1018,Evaluación de Requerimiento,2025-01-07,2025-01-07,0.0
TCK-1018,Fin de Fase,2025-12-13,2025-12-13,0.0
TCK-1018,Ingreso a Backlog,2025-01-15,2025-01-15,0.0
TCK-1018,Inicio de Fase,2025-10-15,2025-10-15,0.0
TCK-1018,Resolución del Requerimiento,2025-10-10,2025-10-10,0.0
TCK-1018,Validación QA,2025-11-30,2025-11-30,0.0
TCK-1019,Aprobación por Comité,2025-01-17,2025-01-17,0.0
TCK-1019,Cierre del Ticket,2025-10-10,2025-10-10,0.0
TCK-1019,Creación de Ticket,2025-01-06,2025-01-06,0.0
TCK-1019,Evaluación de Requerimiento,2025-01-07,2025-01-07,0.0
TCK-1019,Fin de Fase,2025-12-04,2025-12-04,0.0
TCK-1019,Ingreso a Backlog,2025-01-15,2025-01-15,0.0
TCK-1019,Inicio de Fase,2025-10-12,2025-10-12,0.0
TCK-1019,Resolución del Requerimiento,2025-10-10,2025-10-10,0.0
TCK-1019,Validación QA,2025-12-01,2025-12-01,0.0
TCK-1020,Aprobación por Comité,2025-01-17,2025-01-17,0.0
TCK-1020,Cierre del Ticket,2025-10-10,2025-10-10,0.0
TCK-1020,Creación de Ticket,2025-01-06,2025-01-06,0.0
TCK-1020,Evaluación de Requerimiento,2025-01-07,2025-01-07,0.0
TCK-1020,Fin de Fase,2025-12-06,2025-12-06,0.0
TCK-1020,Ingreso a Backlog,2025-01-15,2025-01-15,0.0
TCK-1020,Inicio de Fase,2025-10-18,2025-10-18,0.0
TCK-1020,Resolución del Requerimiento,2025-10-10,2025-10-10,0.0
TCK-1020,Validación QA,2025-11-28,2025-11-28,0.0
TCK-1021,Aprobación por Comité,2025-01-17,2025-01-17,0.0
TCK-1021,Cierre del Ticket,2025-10-10,2025-10-10,0.0
TCK-1021,Creación de Ticket,2025-01-06,2025-01-06,0.0
TCK-1021,Evaluación de Requerimiento,2025-01-07,2025-01-07,0.0
TCK-1021,Fin de Fase,2025-12-11,2025-12-11,0.0
TCK-1021,Ingreso a Backlog,2025-01-15,2025-01-15,0.0
TCK-1021,Inicio de Fase,2025-12-03,2025-12-03,0.0
TCK-1021,Resolución del Requerimiento,2025-10-10,2025-10-10,0.0
TCK-1021,Validación QA,2025-11-27,2025-11-27,0.0
TCK-1022,Aprobación por Comité,2025-01-18,2025-01-18,0.0
TCK-1022,Cierre del Ticket,2025-10-11,2025-10-11,0.0
TCK-1022,Creación de Ticket,2025-01-07,2025-01-07,0.0
TCK-1022,Evaluación de Requerimiento,2025-01-08,2025-01-08,0.0
TCK-1022,Fin de Fase,2025-12-05,2025-12-05,0.0
TCK-1022,Ingreso a Backlog,2025-01-16,2025-01-16,0.0
TCK-1022,Inicio de Fase,2025-10-25,2025-10-25,0.0
TCK-1022,Resolución del Requerimiento,2025-10-11,2025-10-11,0.0
TCK-1022,Validación QA,2025-11-23,2025-11-23,0.0
TCK-1023,Aprobación por Comité,2025-01-18,2025-01-18,0.0
TCK-1023,Cierre del Ticket,2025-10-11,2025-10-11,0.0
TCK-1023,Creación de Ticket,2025-01-07,2025-01-07,0.0
TCK-1023,Evaluación de Requerimiento,2025-01-08,2025-01-08,0.0
TCK-1023,Fin de Fase,2025-12-09,2025-12-09,0.0
TCK-1023,Ingreso a Backlog,2025-01-16,2025-01-16,0.0
TCK-1023,Inicio de Fase,2025-10-09,2025-10-09,0.0
TCK-1023,Resolución del Requerimiento,2025-10-11,2025-10-11,0.0
TCK-1023,Validación QA,2025-11-24,2025-11-24,0.0
TCK-1024,Aprobación por Comité,2025-01-18,2025-01-18,0.0
TCK-1024,Cierre del Ticket,2025-10-11,2025-10-11,0.0
TCK-1024,Creación de Ticket,2025-01-07,2025-01-07,0.0
TCK-1024,Evaluación de Requerimiento,2025-01-08,2025-01-08,0.0
TCK-1024,Fin de Fase,2025-12-05,2025-12-05,0.0
TCK-1024,Ingreso a Backlog,2025-01-16,2025-01-16,0.0
TCK-1024,Inicio de Fase,2025-10-16,2025-10-16,0.0
TCK-1024,Resolución del Requerimiento,2025-10-11,2025-10-11,0.0
TCK-1024,Validación QA,2025-11-28,2025-11-28,0.0
TCK-1025,Aprobación por Comité,2025-01-19,2025-01-19,0.0
TCK-1025,Cierre del Ticket,2025-10-12,2025-10-12,0.0
TCK-1025,Creación de Ticket,2025-01-08,2025-01-08,0.0
TCK-1025,Evaluación de Requerimiento,2025-01-09,2025-01-09,0.0
TCK-1025,Fin de Fase,2025-12-13,2025-12-13,0.0
TCK-1025,Ingreso a Backlog,2025-01-17,2025-01-17,0.0
TCK-1025,Inicio de Fase,2025-11-28,2025-11-28,0.0
TCK-1025,Resolución del Requerimiento,2025-10-12,2025-10-12,0.0
TCK-1025,Validación QA,2025-11-23,2025-11-23,0.0
TCK-1026,Aprobación por Comité,2025-01-19,2025-01-19,0.0
TCK-1026,Cierre del Ticket,2025-10-12,2025-10-12,0.0
TCK-1026,Creación de Ticket,2025-01-08,2025-01-08,0.0
TCK-1026,Evaluación de Requerimiento,2025-01-09,2025-01-09,0.0
TCK-1026,Fin de Fase,2025-12-09,2025-12-09,0.0
TCK-1026,Ingreso a Backlog,2025-01-17,2025-01-17,0.0
TCK-1026,Inicio de Fase,2025-10-17,2025-10-17,0.0
TCK-1026,Resolución del Requerimiento,2025-10-12,2025-10-12,0.0
TCK-1026,Validación QA,2025-11-24,2025-11-24,0.0
TCK-1027,Aprobación por Comité,2025-01-19,2025-01-19,0.0
TCK-1027,Cierre del Ticket,2025-10-12,2025-10-12,0.0
TCK-1027,Creación de Ticket,2025-01-08,2025-01-08,0.0
TCK-1027,Evaluación de Requerimiento,2025-01-09,2025-01-09,0.0
TCK-1027,Fin de Fase,2025-12-13,2025-12-13,0.0
TCK-1027,Ingreso a Backlog,2025-01-17,2025-01-17,0.0
TCK-1027,Inicio de Fase,2025-11-30,2025-11-30,0.0
TCK-1027,Resolución del Requerimiento,2025-10-12,2025-10-12,0.0
TCK-1027,Validación QA,2025-11-30,2025-11-30,0.0
TCK-1028,Aprobación por Comité,2025-01-20,2025-01-20,0.0
TCK-1028,Cierre del Ticket,2025-10-13,2025-10-13,0.0
TCK-1028,Creación de Ticket,2025-01-09,2025-01-09,0.0
TCK-1028,Evaluación de Requerimiento,2025-01-10,2025-01-10,0.0
TCK-1028,Fin de Fase,2025-12-13,2025-12-13,0.0
TCK-1028,Ingreso a Backlog,2025-01-18,2025-01-18,0.0
TCK-1028,Inicio de Fase,2025-09-22,2025-09-22,0.0
TCK-1028,Resolución del Requerimiento,2025-10-13,2025-10-13,0.0
TCK-1028,Validación QA,2025-12-03,2025-12-03,0.0
TCK-1029,Aprobación por Comité,2025-01-20,2025-01-20,0.0
TCK-1029,Cierre del Ticket,2025-10-13,2025-10-13,0.0
TCK-1029,Creación de Ticket,2025-01-09,2025-01-09,0.0
TCK-1029,Evaluación de Requerimiento,2025-01-10,2025-01-10,0.0
TCK-1029,Fin de Fase,2025-12-06,2025-12-06,0.0
TCK-1029,Ingreso a Backlog,2025-01-18,2025-01-18,0.0
TCK-1029,Inicio de Fase,2025-12-01,2025-12-01,0.0
TCK-1029,Resolución del Requerimiento,2025-10-13,2025-10-13,0.0
TCK-1029,Validación QA,2025-12-02,2025-12-02,0.0
TCK-1030,Aprobación por Comité,2025-01-20,2025-01-20,0.0
TCK-1030,Cierre del Ticket,2025-10-13,2025-10-13,0.0
TCK-1030,Creación de Ticket,2025-01-09,2025-01-09,0.0
TCK-1030,Evaluación de Requerimiento,2025-01-10,2025-01-10,0.0
TCK-1030,Fin de Fase,2025-12-04,2025-12-04,0.0
TCK-1030,Ingreso a Backlog,2025-01-18,2025-01-18,0.0
TCK-1030,Inicio de Fase,2025-10-11,2025-10-11,0.0
TCK-1030,Resolución del Requerimiento,2025-10-13,2025-10-13,0.0
TCK-1030,Validación QA,2025-11-23,2025-11-23,0.0
TCK-1031,Aprobación por Comité,2025-01-20,2025-01-20,0.0
TCK-1031,Cierre del Ticket,2025-10-13,2025-10-13,0.0
TCK-1031,Creación de Ticket,2025-01-09,2025-01-09,0.0
TCK-1031,Evaluación de Requerimiento,2025-01-10,2025-01-10,0.0
TCK-1031,Fin de Fase,2025-12-12,2025-12-12,0.0
TCK-1031,Ingreso a Backlog,2025-01-18,2025-01-18,0.0
TCK-1031,Inicio de Fase,2025-11-14,2025-11-14,0.0
TCK-1031,Resolución del Requerimiento,2025-10-13,2025-10-13,0.0
TCK-1031,Validación QA,2025-12-01,2025-12-01,0.0
TCK-1032,Aprobación por Comité,2025-01-21,2025-01-21,0.0
TCK-1032,Cierre del Ticket,2025-10-14,2025-10-14,0.0
TCK-1032,Creación de Ticket,2025-01-10,2025-01-10,0.0
TCK-1032,Evaluación de Requerimiento,2025-01-11,2025-01-11,0.0
TCK-1032,Fin de Fase,2025-12-05,2025-12-05,0.0
TCK-1032,Ingreso a Backlog,2025-01-19,2025-01-19,0.0
TCK-1032,Inicio de Fase,2025-11-19,2025-11-19,0.0
TCK-1032,Resolución del Requerimiento,2025-10-14,2025-10-14,0.0
TCK-1032,Validación QA,2025-12-01,2025-12-01,0.0
TCK-1033,Aprobación por Comité,2025-01-21,2025-01-21,0.0
TCK-1033,Cierre del Ticket,2025-10-14,2025-10-14,0.0
TCK-1033,Creación de Ticket,2025-01-10,2025-01-10,0.0
TCK-1033,Evaluación de Requerimiento,2025-01-11,2025-01-11,0.0
TCK-1033,Fin de Fase,2025-12-04,2025-12-04,0.0
TCK-1033,Ingreso a Backlog,2025-01-19,2025-01-19,0.0
TCK-1033,Inicio de Fase,2025-09-21,2025-09-21,0.0
TCK-1033,Resolución del Requerimiento,2025-10-14,2025-10-14,0.0
TCK-1033,Validación QA,2025-12-03,2025-12-03,0.0
TCK-1034,Aprobación por Comité,2025-01-21,2025-01-21,0.0
TCK-1034,Cierre del Ticket,2025-10-14,2025-10-14,0.0
TCK-1034,Creación de Ticket,2025-01-10,2025-01-10,0.0
TCK-1034,Evaluación de Requerimiento,2025-01-11,2025-01-11,0.0
TCK-1034,Fin de Fase,2025-12-06,2025-12-06,0.0
TCK-1034,Ingreso a Backlog,2025-01-19,2025-01-19,0.0
TCK-1034,Inicio de Fase,2025-11-25,2025-11-25,0.0
TCK-1034,Resolución del Requerimiento,2025-10-14,2025-10-14,0.0
TCK-1034,Validación QA,2025-11-30,2025-11-30,0.0
TCK-1035,Aprobación por Comité,2025-01-22,2025-01-22,0.0
TCK-1035,Cierre del Ticket,2025-10-15,2025-10-15,0.0
TCK-1035,Creación de Ticket,2025-01-11,2025-01-11,0.0
TCK-1035,Evaluación de Requerimiento,2025-01-12,2025-01-12,0.0
TCK-1035,Fin de Fase,2025-12-13,2025-12-13,0.0
TCK-1035,Ingreso a Backlog,2025-01-20,2025-01-20,0.0
TCK-1035,Inicio de Fase,2025-10-15,2025-10-15,0.0
TCK-1035,Resolución del Requerimiento,2025-10-15,2025-10-15,0.0
TCK-1035,Validación QA,2025-11-24,2025-11-24,0.0
TCK-1036,Aprobación por Comité,2025-01-22,2025-01-22,0.0
TCK-1036,Cierre del Ticket,2025-10-15,2025-10-15,0.0
TCK-1036,Creación de Ticket,2025-01-11,2025-01-11,0.0
TCK-1036,Evaluación de Requerimiento,2025-01-12,2025-01-12,0.0
TCK-1036,Fin de Fase,2025-12-05,2025-12-05,0.0
TCK-1036,Ingreso a Backlog,2025-01-20,2025-01-20,0.0
TCK-1036,Inicio de Fase,2025-09-20,2025-09-20,0.0
TCK-1036,Resolución del Requerimiento,2025-10-15,2025-10-15,0.0
TCK-1036,Validación QA,2025-11-23,2025-11-23,0.0
TCK-1037,Aprobación por Comité,2025-01-22,2025-01-22,0.0
TCK-1037,Cierre del Ticket,2025-10-15,2025-10-15,0.0
TCK-1037,Creación de Ticket,2025-01-11,2025-01-11,0.0
TCK-1037,Evaluación de Requerimiento,2025-01-12,2025-01-12,0.0
TCK-1037,Fin de Fase,2025-12-08,2025-12-08,0.0
TCK-1037,Ingreso a Backlog,2025-01-20,2025-01-20,0.0
TCK-1037,Inicio de Fase,2025-09-25,2025-09-25,0.0
TCK-1037,Resolución del Requerimiento,2025-10-15,2025-10-15,0.0
TCK-1037,Validación QA,2025-11-25,2025-11-25,0.0
TCK-1038,Aprobación por Comité,2025-01-23,2025-01-23,0.0
TCK-1038,Cierre del Ticket,2025-10-16,2025-10-16,0.0
TCK-1038,Creación de Ticket,2025-01-12,2025-01-12,0.0
TCK-1038,Evaluación de Requerimiento,2025-01-13,2025-01-13,0.0
TCK-1038,Fin de Fase,2025-12-05,2025-12-05,0.0
TCK-1038,Ingreso a Backlog,2025-01-21,2025-01-21,0.0
TCK-1038,Inicio de Fase,2025-10-21,2025-10-21,0.0
TCK-1038,Resolución del Requerimiento,2025-10-16,2025-10-16,0.0
TCK-1038,Validación QA,2025-12-03,2025-12-03,0.0
TCK-1039,Aprobación por Comité,2025-01-23,2025-01-23,0.0
TCK-1039,Cierre del Ticket,2025-10-16,2025-10-16,0.0
TCK-1039,Creación de Ticket,2025-01-12,2025-01-12,0.0
TCK-1039,Evaluación de Requerimiento,2025-01-13,2025-01-13,0.0
TCK-1039,Fin de Fase,2025-12-06,2025-12-06,0.0
TCK-1039,Ingreso a Backlog,2025-01-21,2025-01-21,0.0
TCK-1039,Inicio de Fase,2025-09-05,2025-09-05,0.0
TCK-1039,Resolución del Requerimiento,2025-10-16,2025-10-16,0.0
TCK-1039,Validación QA,2025-11-30,2025-11-30,0.0
TCK-1040,Aprobación por Comité,2025-01-23,2025-01-23,0.0
TCK-1040,Cierre del Ticket,2025-10-16,2025-10-16,0.0
TCK-1040,Creación de Ticket,2025-01-12,2025-01-12,0.0
TCK-1040,Evaluación de Requerimiento,2025-01-13,2025-01-13,0.0
TCK-1040,Fin de Fase,2025-12-05,2025-12-05,0.0
TCK-1040,Ingreso a Backlog,2025-01-21,2025-01-21,0.0
TCK-1040,Inicio de Fase,2025-09-13,2025-09-13,0.0
TCK-1040,Resolución del Requerimiento,2025-10-16,2025-10-16,0.0
TCK-1040,Validación QA,2025-11-29,2025-11-29,0.0
TCK-1041,Aprobación por Comité,2025-01-23,2025-01-23,0.0
TCK-1041,Cierre del Ticket,2025-10-16,2025-10-16,0.0
TCK-1041,Creación de Ticket,2025-01-12,2025-01-12,0.0
TCK-1041,Evaluación de Requerimiento,2025-01-13,2025-01-13,0.0
TCK-1041,Fin de Fase,2025-12-09,2025-12-09,0.0
TCK-1041,Ingreso a Backlog,2025-01-21,2025-01-21,0.0
TCK-1041,Inicio de Fase,2025-09-20,2025-09-20,0.0
TCK-1041,Resolución del Requerimiento,2025-10-16,2025-10-16,0.0
TCK-1041,Validación QA,2025-11-26,2025-11-26,0.0
TCK-1042,Aprobación por Comité,2025-01-24,2025-01-24,0.0
TCK-1042,Cierre del Ticket,2025-10-17,2025-10-17,0.0
TCK-1042,Creación de Ticket,2025-01-13,2025-01-13,0.0
TCK-1042,Evaluación de Requerimiento,2025-01-14,2025-01-14,0.0
TCK-1042,Fin de Fase,2025-12-12,2025-12-12,0.0
TCK-1042,Ingreso a Backlog,2025-01-22,2025-01-22,0.0
TCK-1042,Inicio de Fase,2025-09-19,2025-09-19,0.0
TCK-1042,Resolución del Requerimiento,2025-10-17,2025-10-17,0.0
TCK-1042,Validación QA,2025-12-01,2025-12-01,0.0
TCK-1043,Aprobación por Comité,2025-01-24,2025-01-24,0.0
TCK-1043,Cierre del Ticket,2025-10-17,2025-10-17,0.0
TCK-1043,Creación de Ticket,2025-01-13,2025-01-13,0.0
TCK-1043,Evaluación de Requerimiento,2025-01-14,2025-01-14,0.0
TCK-1043,Fin de Fase,2025-12-03,2025-12-03,0.0
TCK-1043,Ingreso a Backlog,2025-01-22,2025-01-22,0.0
TCK-1043,Inicio de Fase,2025-09-26,2025-09-26,0.0
TCK-1043,Resolución del Requerimiento,2025-10-17,2025-10-17,0.0
TCK-1043,Validación QA,2025-11-28,2025-11-28,0.0
TCK-1044,Aprobación por Comité,2025-01-24,2025-01-24,0.0
TCK-1044,Cierre del Ticket,2025-10-17,2025-10-17,0.0
TCK-1044,Creación de Ticket,2025-01-13,2025-01-13,0.0
TCK-1044,Evaluación de Requerimiento,2025-01-14,2025-01-14,0.0
TCK-1044,Fin de Fase,2025-12-13,2025-12-13,0.0
TCK-1044,Ingreso a Backlog,2025-01-22,2025-01-22,0.0
TCK-1044,Inicio de Fase,2025-11-19,2025-11-19,0.0
TCK-1044,Resolución del Requerimiento,2025-10-17,2025-10-17,0.0
TCK-1044,Validación QA,2025-11-26,2025-11-26,0.0
TCK-1045,Aprobación por Comité,2025-01-25,2025-01-25,0.0
TCK-1045,Cierre del Ticket,2025-10-18,2025-10-18,0.0
TCK-1045,Creación de Ticket,2025-01-14,2025-01-14,0.0
TCK-1045,Evaluación de Requerimiento,2025-01-15,2025-01-15,0.0
TCK-1045,Fin de Fase,2025-12-04,2025-12-04,0.0
TCK-1045,Ingreso a Backlog,2025-01-23,2025-01-23,0.0
TCK-1045,Inicio de Fase,2025-10-01,2025-10-01,0.0
TCK-1045,Resolución del Requerimiento,2025-10-18,2025-10-18,0.0
TCK-1045,Validación QA,2025-11-27,2025-11-27,0.0
TCK-1046,Aprobación por Comité,2025-01-25,2025-01-25,0.0
TCK-1046,Cierre del Ticket,2025-10-18,2025-10-18,0.0
TCK-1046,Creación de Ticket,2025-01-14,2025-01-14,0.0
TCK-1046,Evaluación de Requerimiento,2025-01-15,2025-01-15,0.0
TCK-1046,Fin de Fase,2025-12-03,2025-12-03,0.0
TCK-1046,Ingreso a Backlog,2025-01-23,2025-01-23,0.0
TCK-1046,Inicio de Fase,2025-10-08,2025-10-08,0.0
TCK-1046,Resolución del Requerimiento,2025-10-18,2025-10-18,0.0
TCK-1046,Validación QA,2025-11-27,2025-11-27,0.0
TCK-1047,Aprobación por Comité,2025-01-25,2025-01-25,0.0
TCK-1047,Cierre del Ticket,2025-10-18,2025-10-18,0.0
TCK-1047,Creación de Ticket,2025-01-14,2025-01-14,0.0
TCK-1047,Evaluación de Requerimiento,2025-01-15,2025-01-15,0.0
TCK-1047,Fin de Fase,2025-12-07,2025-12-07,0.0
TCK-1047,Ingreso a Backlog,2025-01-23,2025-01-23,0.0
TCK-1047,Inicio de Fase,2025-10-31,2025-10-31,0.0
TCK-1047,Resolución del Requerimiento,2025-10-18,2025-10-18,0.0
TCK-1047,Validación QA,2025-11-25,2025-11-25,0.0
TCK-1048,Aprobación por Comité,2025-01-25,2025-01-25,0.0
TCK-1048,Cierre del Ticket,2025-10-18,2025-10-18,0.0
TCK-1048,Creación de Ticket,2025-01-14,2025-01-14,0.0
TCK-1048,Evaluación de Requerimiento,2025-01-15,2025-01-15,0.0
TCK-1048,Fin de Fase,2025-12-12,2025-12-12,0.0
TCK-1048,Ingreso a Backlog,2025-01-23,2025-01-23,0.0
TCK-1048,Inicio de Fase,2025-09-17,2025-09-17,0.0
TCK-1048,Resolución del Requerimiento,2025-10-18,2025-10-18,0.0
TCK-1048,Validación QA,2025-12-01,2025-12-01,0.0
TCK-1049,Aprobación por Comité,2025-01-26,2025-01-26,0.0
TCK-1049,Cierre del Ticket,2025-10-19,2025-10-19,0.0
TCK-1049,Creación de Ticket,2025-01-15,2025-01-15,0.0
TCK-1049,Evaluación de Requerimiento,2025-01-16,2025-01-16,0.0
TCK-1049,Fin de Fase,2025-12-11,2025-12-11,0.0
TCK-1049,Ingreso a Backlog,2025-01-24,2025-01-24,0.0
TCK-1049,Inicio de Fase,2025-09-12,2025-09-12,0.0
TCK-1049,Resolución del Requerimiento,2025-10-19,2025-10-19,0.0
TCK-1049,Validación QA,2025-11-25,2025-11-25,0.0
TCK-1050,Aprobación por Comité,2025-01-26,2025-01-26,0.0
TCK-1050,Cierre del Ticket,2025-10-19,2025-10-19,0.0
TCK-1050,Creación de Ticket,2025-01-15,2025-01-15,0.0
TCK-1050,Evaluación de Requerimiento,2025-01-16,2025-01-16,0.0
TCK-1050,Fin de Fase,2025-12-08,2025-12-08,0.0
TCK-1050,Ingreso a Backlog,2025-01-24,2025-01-24,0.0
TCK-1050,Inicio de Fase,2025-09-11,2025-09-11,0.0
TCK-1050,Resolución del Requerimiento,2025-10-19,2025-10-19,0.0
TCK-1050,Validación QA,2025-12-02,2025-12-02,0.0
TCK-1051,Aprobación por Comité,2025-01-26,2025-01-26,0.0
TCK-1051,Cierre del Ticket,2025-10-19,2025-10-19,0.0
TCK-1051,Creación de Ticket,2025-01-15,2025-01-15,0.0
TCK-1051,Evaluación de Requerimiento,2025-01-16,2025-01-16,0.0
TCK-1051,Fin de Fase,2025-12-09,2025-12-09,0.0
TCK-1051,Ingreso a Backlog,2025-01-24,2025-01-24,0.0
TCK-1051,Inicio de Fase,2025-09-11,2025-09-11,0.0
TCK-1051,Resolución del Requerimiento,2025-10-19,2025-10-19,0.0
TCK-1051,Validación QA,2025-11-24,2025-11-24,0.0
TCK-1052,Aprobación por Comité,2025-01-27,2025-01-27,0.0
TCK-1052,Cierre del Ticket,2025-10-20,2025-10-20,0.0
TCK-1052,Creación de Ticket,2025-01-16,2025-01-16,0.0
TCK-1052,Evaluación de Requerimiento,2025-01-17,2025-01-17,0.0
TCK-1052,Fin de Fase,2025-12-13,2025-12-13,0.0
TCK-1052,Ingreso a Backlog,2025-01-25,2025-01-25,0.0
TCK-1052,Inicio de Fase,2025-09-11,2025-09-11,0.0
TCK-1052,Resolución del Requerimiento,2025-10-20,2025-10-20,0.0
TCK-1052,Validación QA,2025-11-28,2025-11-28,0.0
TCK-1053,Aprobación por Comité,2025-01-27,2025-01-27,0.0
TCK-1053,Cierre del Ticket,2025-10-20,2025-10-20,0.0
TCK-1053,Creación de Ticket,2025-01-16,2025-01-16,0.0
TCK-1053,Evaluación de Requerimiento,2025-01-17,2025-01-17,0.0
TCK-1053,Fin de Fase,2025-12-08,2025-12-08,0.0
TCK-1053,Ingreso a Backlog,2025-01-25,2025-01-25,0.0
TCK-1053,Inicio de Fase,2025-11-03,2025-11-03,0.0
TCK-1053,Resolución del Requerimiento,2025-10-20,2025-10-20,0.0
TCK-1053,Validación QA,2025-12-03,2025-12-03,0.0
TCK-1054,Aprobación por Comité,2025-01-27,2025-01-27,0.0
TCK-1054,Cierre del Ticket,2025-10-20,2025-10-20,0.0
TCK-1054,Creación de Ticket,2025-01-16,2025-01-16,0.0
TCK-1054,Evaluación de Requerimiento,2025-01-17,2025-01-17,0.0
TCK-1054,Fin de Fase,2025-12-07,2025-12-07,0.0
TCK-1054,Ingreso a Backlog,2025-01-25,2025-01-25,0.0
TCK-1054,Inicio de Fase,2025-09-27,2025-09-27,0.0
TCK-1054,Resolución del Requerimiento,2025-10-20,2025-10-20,0.0
TCK-1054,Validación QA,2025-11-28,2025-11-28,0.0
TCK-1055,Aprobación por Comité,2025-01-28,2025-01-28,0.0
TCK-1055,Cierre del Ticket,2025-10-21,2025-10-21,0.0
TCK-1055,Creación de Ticket,2025-01-17,2025-01-17,0.0
TCK-1055,Evaluación de Requerimiento,2025-01-18,2025-01-18,0.0
TCK-1055,Fin de Fase,2025-12-09,2025-12-09,0.0
TCK-1055,Ingreso a Backlog,2025-01-26,2025-01-26,0.0
TCK-1055,Inicio de Fase,2025-10-23,2025-10-23,0.0
TCK-1055,Resolución del Requerimiento,2025-10-21,2025-10-21,0.0
TCK-1055,Validación QA,2025-12-01,2025-12-01,0.0
TCK-1056,Aprobación por Comité,2025-01-28,2025-01-28,0.0
TCK-1056,Cierre del Ticket,2025-10-21,2025-10-21,0.0
TCK-1056,Creación de Ticket,2025-01-17,2025-01-17,0.0
TCK-1056,Evaluación de Requerimiento,2025-01-18,2025-01-18,0.0
TCK-1056,Fin de Fase,2025-12-12,2025-12-12,0.0
TCK-1056,Ingreso a Backlog,2025-01-26,2025-01-26,0.0
TCK-1056,Inicio de Fase,2025-10-22,2025-10-22,0.0
TCK-1056,Resolución del Requerimiento,2025-10-21,2025-10-21,0.0
TCK-1056,Validación QA,2025-11-28,2025-11-28,0.0
TCK-1057,Aprobación por Comité,2025-01-28,2025-01-28,0.0
TCK-1057,Cierre del Ticket,2025-10-21,2025-10-21,0.0
TCK-1057,Creación de Ticket,2025-01-17,2025-01-17,0.0
TCK-1057,Evaluación de Requerimiento,2025-01-18,2025-01-18,0.0
TCK-1057,Fin de Fase,2025-12-03,2025-12-03,0.0
TCK-1057,Ingreso a Backlog,2025-01-26,2025-01-26,0.0
TCK-1057,Inicio de Fase,2025-09-07,2025-09-07,0.0
TCK-1057,Resolución del Requerimiento,2025-10-21,2025-10-21,0.0
TCK-1057,Validación QA,2025-11-27,2025-11-27,0.0
TCK-1058,Aprobación por Comité,2025-01-28,2025-01-28,0.0
TCK-1058,Cierre del Ticket,2025-10-21,2025-10-21,0.0
TCK-1058,Creación de Ticket,2025-01-17,2025-01-17,0.0
TCK-1058,Evaluación de Requerimiento,2025-01-18,2025-01-18,0.0
TCK-1058,Fin de Fase,2025-12-09,2025-12-09,0.0
TCK-1058,Ingreso a Backlog,2025-01-26,2025-01-26,0.0
TCK-1058,Inicio de Fase,2025-09-24,2025-09-24,0.0
TCK-1058,Resolución del Requerimiento,2025-10-21,2025-10-21,0.0
TCK-1058,Validación QA,2025-12-03,2025-12-03,0.0
TCK-1059,Aprobación por Comité,2025-01-29,2025-01-29,0.0
TCK-1059,Cierre del Ticket,2025-10-22,2025-10-22,0.0
TCK-1059,Creación de Ticket,2025-01-18,2025-01-18,0.0
TCK-1059,Evaluación de Requerimiento,2025-01-19,2025-01-19,0.0
TCK-1059,Fin de Fase,2025-12-08,2025-12-08,0.0
TCK-1059,Ingreso a Backlog,2025-01-27,2025-01-27,0.0
TCK-1059,Inicio de Fase,2025-09-28,2025-09-28,0.0
TCK-1059,Resolución del Requerimiento,2025-10-22,2025-10-22,0.0
TCK-1059,Validación QA,2025-11-29,2025-11-29,0.0
TCK-1060,Aprobación por Comité,2025-01-29,2025-01-29,0.0
TCK-1060,Cierre del Ticket,2025-10-22,2025-10-22,0.0
TCK-1060,Creación de Ticket,2025-01-18,2025-01-18,0.0
TCK-1060,Evaluación de Requerimiento,2025-01-19,2025-01-19,0.0
TCK-1060,Fin de Fase,2025-12-04,2025-12-04,0.0
TCK-1060,Ingreso a Backlog,2025-01-27,2025-01-27,0.0
TCK-1060,Inicio de Fase,2025-10-06,2025-10-06,0.0
TCK-1060,Resolución del Requerimiento,2025-10-22,2025-10-22,0.0
TCK-1060,Validación QA,2025-11-28,2025-11-28,0.0
TCK-1061,Aprobación por Comité,2025-01-29,2025-01-29,0.0
TCK-1061,Cierre del Ticket,2025-10-22,2025-10-22,0.0
TCK-1061,Creación de Ticket,2025-01-18,2025-01-18,0.0
TCK-1061,Evaluación de Requerimiento,2025-01-19,2025-01-19,0.0
TCK-1061,Fin de Fase,2025-12-13,2025-12-13,0.0
TCK-1061,Ingreso a Backlog,2025-01-27,2025-01-27,0.0
TCK-1061,Inicio de Fase,2025-11-29,2025-11-29,0.0
TCK-1061,Resolución del Requerimiento,2025-10-22,2025-10-22,0.0
TCK-1061,Validación QA,2025-11-23,2025-11-23,0.0
TCK-1062,Aprobación por Comité,2025-01-30,2025-01-30,0.0
TCK-1062,Cierre del Ticket,2025-10-23,2025-10-23,0.0
TCK-1062,Creación de Ticket,2025-01-19,2025-01-19,0.0
TCK-1062,Evaluación de Requerimiento,2025-01-20,2025-01-20,0.0
TCK-1062,Fin de Fase,2025-12-10,2025-12-10,0.0
TCK-1062,Ingreso a Backlog,2025-01-28,2025-01-28,0.0
TCK-1062,Inicio de Fase,2025-09-23,2025-09-23,0.0
TCK-1062,Resolución del Requerimiento,2025-10-23,2025-10-23,0.0
TCK-1062,Validación QA,2025-11-23,2025-11-23,0.0
TCK-1063,Aprobación por Comité,2025-01-30,2025-01-30,0.0
TCK-1063,Cierre del Ticket,2025-10-23,2025-10-23,0.0
TCK-1063,Creación de Ticket,2025-01-19,2025-01-19,0.0
TCK-1063,Evaluación de Requerimiento,2025-01-20,2025-01-20,0.0
TCK-1063,Fin de Fase,2025-12-11,2025-12-11,0.0
TCK-1063,Ingreso a Backlog,2025-01-28,2025-01-28,0.0
TCK-1063,Inicio de Fase,2025-10-06,2025-10-06,0.0
TCK-1063,Resolución del Requerimiento,2025-10-23,2025-10-23,0.0
TCK-1063,Validación QA,2025-11-29,2025-11-29,0.0
TCK-1064,Aprobación por Comité,2025-01-30,2025-01-30,0.0
TCK-1064,Cierre del Ticket,2025-10-23,2025-10-23,0.0
TCK-1064,Creación de Ticket,2025-01-19,2025-01-19,0.0
TCK-1064,Evaluación de Requerimiento,2025-01-20,2025-01-20,0.0
TCK-1064,Fin de Fase,2025-12-09,2025-12-09,0.0
TCK-1064,Ingreso a Backlog,2025-01-28,2025-01-28,0.0
TCK-1064,Inicio de Fase,2025-10-20,2025-10-20,0.0
TCK-1064,Resolución del Requerimiento,2025-10-23,2025-10-23,0.0
TCK-1064,Validación QA,2025-11-24,2025-11-24,0.0
TCK-1065,Aprobación por Comité,2025-01-31,2025-01-31,0.0
TCK-1065,Cierre del Ticket,2025-10-24,2025-10-24,0.0
TCK-1065,Creación de Ticket,2025-01-20,2025-01-20,0.0
TCK-1065,Evaluación de Requerimiento,2025-01-21,2025-01-21,0.0
TCK-1065,Fin de Fase,2025-12-13,2025-12-13,0.0
TCK-1065,Ingreso a Backlog,2025-01-29,2025-01-29,0.0
TCK-1065,Inicio de Fase,2025-09-30,2025-09-30,0.0
TCK-1065,Resolución del Requerimiento,2025-10-24,2025-10-24,0.0
TCK-1065,Validación QA,2025-11-30,2025-11-30,0.0
TCK-1066,Aprobación por Comité,2025-01-31,2025-01-31,0.0
TCK-1066,Cierre del Ticket,2025-10-24,2025-10-24,0.0
TCK-1066,Creación de Ticket,2025-01-20,2025-01-20,0.0
TCK-1066,Evaluación de Requerimiento,2025-01-21,2025-01-21,0.0
TCK-1066,Fin de Fase,2025-12-04,2025-12-04,0.0
TCK-1066,Ingreso a Backlog,2025-01-29,2025-01-29,0.0
TCK-1066,Inicio de Fase,2025-10-29,2025-10-29,0.0
TCK-1066,Resolución del Requerimiento,2025-10-24,2025-10-24,0.0
TCK-1066,Validación QA,2025-11-27,2025-11-27,0.0
TCK-1067,Aprobación por Comité,2025-01-31,2025-01-31,0.0
TCK-1067,Cierre del Ticket,2025-10-24,2025-10-24,0.0
TCK-1067,Creación de Ticket,2025-01-20,2025-01-20,0.0
TCK-1067,Evaluación de Requerimiento,2025-01-21,2025-01-21,0.0
TCK-1067,Fin de Fase,2025-12-08,2025-12-08,0.0
TCK-1067,Ingreso a Backlog,2025-01-29,2025-01-29,0.0
TCK-1067,Inicio de Fase,2025-11-19,2025-11-19,0.0
TCK-1067,Resolución del Requerimiento,2025-10-24,2025-10-24,0.0
TCK-1067,Validación QA,2025-12-03,2025-12-03,0.0
TCK-1068,Aprobación por Comité,2025-01-31,2025-01-31,0.0
TCK-1068,Cierre del Ticket,2025-10-24,2025-10-24,0.0
TCK-1068,Creación de Ticket,2025-01-20,2025-01-20,0.0
TCK-1068,Evaluación de Requerimiento,2025-01-21,2025-01-21,0.0
TCK-1068,Fin de Fase,2025-12-09,2025-12-09,0.0
TCK-1068,Ingreso a Backlog,2025-01-29,2025-01-29,0.0
TCK-1068,Inicio de Fase,2025-11-19,2025-11-19,0.0
TCK-1068,Resolución del Requerimiento,2025-10-24,2025-10-24,0.0
TCK-1068,Validación QA,2025-12-03,2025-12-03,0.0
TCK-1069,Aprobación por Comité,2025-02-01,2025-02-01,0.0
TCK-1069,Cierre del Ticket,2025-10-25,2025-10-25,0.0
TCK-1069,Creación de Ticket,2025-01-21,2025-01-21,0.0
TCK-1069,Evaluación de Requerimiento,2025-01-22,2025-01-22,0.0
TCK-1069,Fin de Fase,2025-12-13,2025-12-13,0.0
TCK-1069,Ingreso a Backlog,2025-01-30,2025-01-30,0.0
TCK-1069,Inicio de Fase,2025-09-26,2025-09-26,0.0
TCK-1069,Resolución del Requerimiento,2025-10-25,2025-10-25,0.0
TCK-1069,Validación QA,2025-11-30,2025-11-30,0.0
TCK-1070,Aprobación por Comité,2025-02-01,2025-02-01,0.0
TCK-1070,Cierre del Ticket,2025-10-25,2025-10-25,0.0
TCK-1070,Creación de Ticket,2025-01-21,2025-01-21,0.0
TCK-1070,Evaluación de Requerimiento,2025-01-22,2025-01-22,0.0
TCK-1070,Fin de Fase,2025-12-05,2025-12-05,0.0
TCK-1070,Ingreso a Backlog,2025-01-30,2025-01-30,0.0
TCK-1070,Inicio de Fase,2025-09-13,2025-09-13,0.0
TCK-1070,Resolución del Requerimiento,2025-10-25,2025-10-25,0.0
TCK-1070,Validación QA,2025-12-02,2025-12-02,0.0
TCK-1071,Aprobación por Comité,2025-02-01,2025-02-01,0.0
TCK-1071,Cierre del Ticket,2025-10-25,2025-10-25,0.0
TCK-1071,Creación de Ticket,2025-01-21,2025-01-21,0.0
TCK-1071,Evaluación de Requerimiento,2025-01-22,2025-01-22,0.0
TCK-1071,Fin de Fase,2025-12-04,2025-12-04,0.0
TCK-1071,Ingreso a Backlog,2025-01-30,2025-01-30,0.0
TCK-1071,Inicio de Fase,2025-11-10,2025-11-10,0.0
TCK-1071,Resolución del Requerimiento,2025-10-25,2025-10-25,0.0
TCK-1071,Validación QA,2025-11-26,2025-11-26,0.0
TCK-1072,Aprobación por Comité,2025-02-02,2025-02-02,0.0
TCK-1072,Cierre del Ticket,2025-10-26,2025-10-26,0.0
TCK-1072,Creación de Ticket,2025-01-22,2025-01-22,0.0
TCK-1072,Evaluación de Requerimiento,2025-01-23,2025-01-23,0.0
TCK-1072,Fin de Fase,2025-12-12,2025-12-12,0.0
TCK-1072,Ingreso a Backlog,2025-01-31,2025-01-31,0.0
TCK-1072,Inicio de Fase,2025-10-24,2025-10-24,0.0
TCK-1072,Resolución del Requerimiento,2025-10-26,2025-10-26,0.0
TCK-1072,Validación QA,2025-11-28,2025-11-28,0.0
TCK-1073,Aprobación por Comité,2025-02-02,2025-02-02,0.0
TCK-1073,Cierre del Ticket,2025-10-26,2025-10-26,0.0
TCK-1073,Creación de Ticket,2025-01-22,2025-01-22,0.0
TCK-1073,Evaluación de Requerimiento,2025-01-23,2025-01-23,0.0
TCK-1073,Fin de Fase,2025-12-13,2025-12-13,0.0
TCK-1073,Ingreso a Backlog,2025-01-31,2025-01-31,0.0
TCK-1073,Inicio de Fase,2025-09-27,2025-09-27,0.0
TCK-1073,Resolución del Requerimiento,2025-10-26,2025-10-26,0.0
TCK-1073,Validación QA,2025-11-26,2025-11-26,0.0
TCK-1074,Aprobación por Comité,2025-02-02,2025-02-02,0.0
TCK-1074,Cierre del Ticket,2025-10-26,2025-10-26,0.0
TCK-1074,Creación de Ticket,2025-01-22,2025-01-22,0.0
TCK-1074,Evaluación de Requerimiento,2025-01-23,2025-01-23,0.0
TCK-1074,Fin de Fase,2025-12-06,2025-12-06,0.0
TCK-1074,Ingreso a Backlog,2025-01-31,2025-01-31,0.0
TCK-1074,Inicio de Fase,2025-11-14,2025-11-14,0.0
TCK-1074,Resolución del Requerimiento,2025-10-26,2025-10-26,0.0
TCK-1074,Validación QA,2025-11-25,2025-11-25,0.0
TCK-1075,Aprobación por Comité,2025-02-03,2025-02-03,0.0
TCK-1075,Cierre del Ticket,2025-10-27,2025-10-27,0.0
TCK-1075,Creación de Ticket,2025-01-23,2025-01-23,0.0
TCK-1075,Evaluación de Requerimiento,2025-01-24,2025-01-24,0.0
TCK-1075,Fin de Fase,2025-12-10,2025-12-10,0.0
TCK-1075,Ingreso a Backlog,2025-02-01,2025-02-01,0.0
TCK-1075,Inicio de Fase,2025-09-15,2025-09-15,0.0
TCK-1075,Resolución del Requerimiento,2025-10-27,2025-10-27,0.0
TCK-1075,Validación QA,2025-11-27,2025-11-27,0.0
TCK-1076,Aprobación por Comité,2025-02-03,2025-02-03,0.0
TCK-1076,Cierre del Ticket,2025-10-27,2025-10-27,0.0
TCK-1076,Creación de Ticket,2025-01-23,2025-01-23,0.0
TCK-1076,Evaluación de Requerimiento,2025-01-24,2025-01-24,0.0
TCK-1076,Fin de Fase,2025-12-07,2025-12-07,0.0
TCK-1076,Ingreso a Backlog,2025-02-01,2025-02-01,0.0
TCK-1076,Inicio de Fase,2025-09-20,2025-09-20,0.0
TCK-1076,Resolución del Requerimiento,2025-10-27,2025-10-27,0.0
TCK-1076,Validación QA,2025-11-26,2025-11-26,0.0
TCK-1077,Aprobación por Comité,2025-02-03,2025-02-03,0.0
TCK-1077,Cierre del Ticket,2025-10-27,2025-10-27,0.0
TCK-1077,Creación de Ticket,2025-01-23,2025-01-23,0.0
TCK-1077,Evaluación de Requerimiento,2025-01-24,2025-01-24,0.0
TCK-1077,Fin de Fase,2025-12-09,2025-12-09,0.0
TCK-1077,Ingreso a Backlog,2025-02-01,2025-02-01,0.0
TCK-1077,Inicio de Fase,2025-09-27,2025-09-27,0.0
TCK-1077,Resolución del Requerimiento,2025-10-27,2025-10-27,0.0
TCK-1077,Validación QA,2025-12-01,2025-12-01,0.0
TCK-1078,Aprobación por Comité,2025-02-03,2025-02-03,0.0
TCK-1078,Cierre del Ticket,2025-10-27,2025-10-27,0.0
TCK-1078,Creación de Ticket,2025-01-23,2025-01-23,0.0
TCK-1078,Evaluación de Requerimiento,2025-01-24,2025-01-24,0.0
TCK-1078,Fin de Fase,2025-12-06,2025-12-06,0.0
TCK-1078,Ingreso a Backlog,2025-02-01,2025-02-01,0.0
TCK-1078,Inicio de Fase,2025-09-22,2025-09-22,0.0
TCK-1078,Resolución del Requerimiento,2025-10-27,2025-10-27,0.0
TCK-1078,Validación QA,2025-11-26,2025-11-26,0.0
TCK-1079,Aprobación por Comité,2025-02-04,2025-02-04,0.0
TCK-1079,Cierre del Ticket,2025-10-28,2025-10-28,0.0
TCK-1079,Creación de Ticket,2025-01-24,2025-01-24,0.0
TCK-1079,Evaluación de Requerimiento,2025-01-25,2025-01-25,0.0
TCK-1079,Fin de Fase,2025-12-11,2025-12-11,0.0
TCK-1079,Ingreso a Backlog,2025-02-02,2025-02-02,0.0
TCK-1079,Inicio de Fase,2025-09-18,2025-09-18,0.0
TCK-1079,Resolución del Requerimiento,2025-10-28,2025-10-28,0.0
TCK-1079,Validación QA,2025-11-29,2025-11-29,0.0
TCK-1080,Aprobación por Comité,2025-02-04,2025-02-04,0.0
TCK-1080,Cierre del Ticket,2025-10-28,2025-10-28,0.0
TCK-1080,Creación de Ticket,2025-01-24,2025-01-24,0.0
TCK-1080,Evaluación de Requerimiento,2025-01-25,2025-01-25,0.0
TCK-1080,Fin de Fase,2025-12-08,2025-12-08,0.0
TCK-1080,Ingreso a Backlog,2025-02-02,2025-02-02,0.0
TCK-1080,Inicio de Fase,2025-10-22,2025-10-22,0.0
TCK-1080,Resolución del Requerimiento,2025-10-28,2025-10-28,0.0
TCK-1080,Validación QA,2025-12-01,2025-12-01,0.0
TCK-1081,Aprobación por Comité,2025-02-04,2025-02-04,0.0
TCK-1081,Cierre del Ticket,2025-10-28,2025-10-28,0.0
TCK-1081,Creación de Ticket,2025-01-24,2025-01-24,0.0
TCK-1081,Evaluación de Requerimiento,2025-01-25,2025-01-25,0.0
TCK-1081,Fin de Fase,2025-12-13,2025-12-13,0.0
TCK-1081,Ingreso a Backlog,2025-02-02,2025-02-02,0.0
TCK-1081,Inicio de Fase,2025-10-23,2025-10-23,0.0
TCK-1081,Resolución del Requerimiento,2025-10-28,2025-10-28,0.0
TCK-1081,Validación QA,2025-11-24,2025-11-24,0.0
TCK-1082,Aprobación por Comité,2025-02-05,2025-02-05,0.0
TCK-1082,Cierre del Ticket,2025-10-29,2025-10-29,0.0
TCK-1082,Creación de Ticket,2025-01-25,2025-01-25,0.0
TCK-1082,Evaluación de Requerimiento,2025-01-26,2025-01-26,0.0
TCK-1082,Fin de Fase,2025-12-09,2025-12-09,0.0
TCK-1082,Ingreso a Backlog,2025-02-03,2025-02-03,0.0
TCK-1082,Inicio de Fase,2025-10-23,2025-10-23,0.0
TCK-1082,Resolución del Requerimiento,2025-10-29,2025-10-29,0.0
TCK-1082,Validación QA,2025-11-29,2025-11-29,0.0
TCK-1083,Aprobación por Comité,2025-02-05,2025-02-05,0.0
TCK-1083,Cierre del Ticket,2025-10-29,2025-10-29,0.0
TCK-1083,Creación de Ticket,2025-01-25,2025-01-25,0.0
TCK-1083,Evaluación de Requerimiento,2025-01-26,2025-01-26,0.0
TCK-1083,Fin de Fase,2025-12-13,2025-12-13,0.0
TCK-1083,Ingreso a Backlog,2025-02-03,2025-02-03,0.0
TCK-1083,Inicio de Fase,2025-12-02,2025-12-02,0.0
TCK-1083,Resolución del Requerimiento,2025-10-29,2025-10-29,0.0
TCK-1083,Validación QA,2025-11-28,2025-11-28,0.0
TCK-1084,Aprobación por Comité,2025-02-05,2025-02-05,0.0
TCK-1084,Cierre del Ticket,2025-10-29,2025-10-29,0.0
TCK-1084,Creación de Ticket,2025-01-25,2025-01-25,0.0
TCK-1084,Evaluación de Requerimiento,2025-01-26,2025-01-26,0.0
TCK-1084,Fin de Fase,2025-12-10,2025-12-10,0.0
TCK-1084,Ingreso a Backlog,2025-02-03,2025-02-03,0.0
TCK-1084,Inicio de Fase,2025-11-14,2025-11-14,0.0
TCK-1084,Resolución del Requerimiento,2025-10-29,2025-10-29,0.0
TCK-1084,Validación QA,2025-11-26,2025-11-26,0.0
TCK-1085,Aprobación por Comité,2025-02-06,2025-02-06,0.0
TCK-1085,Cierre del Ticket,2025-10-30,2025-10-30,0.0
TCK-1085,Creación de Ticket,2025-01-26,2025-01-26,0.0
TCK-1085,Evaluación de Requerimiento,2025-01-27,2025-01-27,0.0
TCK-1085,Fin de Fase,2025-12-12,2025-12-12,0.0
TCK-1085,Ingreso a Backlog,2025-02-04,2025-02-04,0.0
TCK-1085,Inicio de Fase,2025-10-04,2025-10-04,0.0
TCK-1085,Resolución del Requerimiento,2025-10-30,2025-10-30,0.0
TCK-1085,Validación QA,2025-11-24,2025-11-24,0.0
TCK-1086,Aprobación por Comité,2025-02-06,2025-02-06,0.0
TCK-1086,Cierre del Ticket,2025-10-30,2025-10-30,0.0
TCK-1086,Creación de Ticket,2025-01-26,2025-01-26,0.0
TCK-1086,Evaluación de Requerimiento,2025-01-27,2025-01-27,0.0
TCK-1086,Fin de Fase,2025-12-06,2025-12-06,0.0
TCK-1086,Ingreso a Backlog,2025-02-04,2025-02-04,0.0
TCK-1086,Inicio de Fase,2025-10-20,2025-10-20,0.0
TCK-1086,Resolución del Requerimiento,2025-10-30,2025-10-30,0.0
TCK-1086,Validación QA,2025-11-25,2025-11-25,0.0
TCK-1087,Aprobación por Comité,2025-02-06,2025-02-06,0.0
TCK-1087,Cierre del Ticket,2025-10-30,2025-10-30,0.0
TCK-1087,Creación de Ticket,2025-01-26,2025-01-26,0.0
TCK-1087,Evaluación de Requerimiento,2025-01-27,2025-01-27,0.0
TCK-1087,Fin de Fase,2025-12-12,2025-12-12,0.0
TCK-1087,Ingreso a Backlog,2025-02-04,2025-02-04,0.0
TCK-1087,Inicio de Fase,2025-09-28,2025-09-28,0.0
TCK-1087,Resolución del Requerimiento,2025-10-30,2025-10-30,0.0
TCK-1087,Validación QA,2025-12-01,2025-12-01,0.0
TCK-1088,Aprobación por Comité,2025-02-06,2025-02-06,0.0
TCK-1088,Cierre del Ticket,2025-10-30,2025-10-30,0.0
TCK-1088,Creación de Ticket,2025-01-26,2025-01-26,0.0
TCK-1088,Evaluación de Requerimiento,2025-01-27,2025-01-27,0.0
TCK-1088,Fin de Fase,2025-12-08,2025-12-08,0.0
TCK-1088,Ingreso a Backlog,2025-02-04,2025-02-04,0.0
TCK-1088,Inicio de Fase,2025-10-20,2025-10-20,0.0
TCK-1088,Resolución del Requerimiento,2025-10-30,2025-10-30,0.0
TCK-1088,Validación QA,2025-11-30,2025-11-30,0.0
TCK-1089,Aprobación por Comité,2025-02-07,2025-02-07,0.0
TCK-1089,Cierre del Ticket,2025-10-31,2025-10-31,0.0
TCK-1089,Creación de Ticket,2025-01-27,2025-01-27,0.0
TCK-1089,Evaluación de Requerimiento,2025-01-28,2025-01-28,0.0
TCK-1089,Fin de Fase,2025-12-05,2025-12-05,0.0
TCK-1089,Ingreso a Backlog,2025-02-05,2025-02-05,0.0
TCK-1089,Inicio de Fase,2025-10-02,2025-10-02,0.0
TCK-1089,Resolución del Requerimiento,2025-10-31,2025-10-31,0.0
TCK-1089,Validación QA,2025-12-01,2025-12-01,0.0
TCK-1090,Aprobación por Comité,2025-02-07,2025-02-07,0.0
TCK-1090,Cierre del Ticket,2025-10-31,2025-10-31,0.0
TCK-1090,Creación de Ticket,2025-01-27,2025-01-27,0.0
TCK-1090,Evaluación de Requerimiento,2025-01-28,2025-01-28,0.0
TCK-1090,Fin de Fase,2025-12-06,2025-12-06,0.0
TCK-1090,Ingreso a Backlog,2025-02-05,2025-02-05,0.0
TCK-1090,Inicio de Fase,2025-11-13,2025-11-13,0.0
TCK-1090,Resolución del Requerimiento,2025-10-31,2025-10-31,0.0
TCK-1090,Validación QA,2025-11-23,2025-11-23,0.0
TCK-1091,Aprobación por Comité,2025-02-07,2025-02-07,0.0
TCK-1091,Cierre del Ticket,2025-10-31,2025-10-31,0.0
TCK-1091,Creación de Ticket,2025-01-27,2025-01-27,0.0
TCK-1091,Evaluación de Requerimiento,2025-01-28,2025-01-28,0.0
TCK-1091,Fin de Fase,2025-12-12,2025-12-12,0.0
TCK-1091,Ingreso a Backlog,2025-02-05,2025-02-05,0.0
TCK-1091,Inicio de Fase,2025-09-11,2025-09-11,0.0
TCK-1091,Resolución del Requerimiento,2025-10-31,2025-10-31,0.0
TCK-1091,Validación QA,2025-11-23,2025-11-23,0.0
TCK-1092,Aprobación por Comité,2025-02-08,2025-02-08,0.0
TCK-1092,Cierre del Ticket,2025-11-01,2025-11-01,0.0
TCK-1092,Creación de Ticket,2025-01-28,2025-01-28,0.0
TCK-1092,Evaluación de Requerimiento,2025-01-29,2025-01-29,0.0
TCK-1092,Fin de Fase,2025-12-09,2025-12-09,0.0
TCK-1092,Ingreso a Backlog,2025-02-06,2025-02-06,0.0
TCK-1092,Inicio de Fase,2025-09-26,2025-09-26,0.0
TCK-1092,Resolución del Requerimiento,2025-11-01,2025-11-01,0.0
TCK-1092,Validación QA,2025-11-24,2025-11-24,0.0
TCK-1093,Aprobación por Comité,2025-02-08,2025-02-08,0.0
TCK-1093,Cierre del Ticket,2025-11-01,2025-11-01,0.0
TCK-1093,Creación de Ticket,2025-01-28,2025-01-28,0.0
TCK-1093,Evaluación de Requerimiento,2025-01-29,2025-01-29,0.0
TCK-1093,Fin de Fase,2025-12-12,2025-12-12,0.0
TCK-1093,Ingreso a Backlog,2025-02-06,2025-02-06,0.0
TCK-1093,Inicio de Fase,2025-09-30,2025-09-30,0.0
TCK-1093,Resolución del Requerimiento,2025-11-01,2025-11-01,0.0
TCK-1093,Validación QA,2025-11-27,2025-11-27,0.0
TCK-1094,Aprobación por Comité,2025-02-08,2025-02-08,0.0
TCK-1094,Cierre del Ticket,2025-11-01,2025-11-01,0.0
TCK-1094,Creación de Ticket,2025-01-28,2025-01-28,0.0
TCK-1094,Evaluación de Requerimiento,2025-01-29,2025-01-29,0.0
TCK-1094,Fin de Fase,2025-12-05,2025-12-05,0.0
TCK-1094,Ingreso a Backlog,2025-02-06,2025-02-06,0.0
TCK-1094,Inicio de Fase,2025-09-14,2025-09-14,0.0
TCK-1094,Resolución del Requerimiento,2025-11-01,2025-11-01,0.0
TCK-1094,Validación QA,2025-11-24,2025-11-24,0.0
TCK-1095,Aprobación por Comité,2025-02-08,2025-02-08,0.0
TCK-1095,Cierre del Ticket,2025-11-01,2025-11-01,0.0
TCK-1095,Creación de Ticket,2025-01-28,2025-01-28,0.0
TCK-1095,Evaluación de Requerimiento,2025-01-29,2025-01-29,0.0
TCK-1095,Fin de Fase,2025-12-03,2025-12-03,0.0
TCK-1095,Ingreso a Backlog,2025-02-06,2025-02-06,0.0
TCK-1095,Inicio de Fase,2025-09-20,2025-09-20,0.0
TCK-1095,Resolución del Requerimiento,2025-11-01,2025-11-01,0.0
TCK-1095,Validación QA,2025-11-23,2025-11-23,0.0
TCK-1096,Aprobación por Comité,2025-02-09,2025-02-09,0.0
TCK-1096,Cierre del Ticket,2025-11-02,2025-11-02,0.0
TCK-1096,Creación de Ticket,2025-01-29,2025-01-29,0.0
TCK-1096,Evaluación de Requerimiento,2025-01-30,2025-01-30,0.0
TCK-1096,Fin de Fase,2025-12-06,2025-12-06,0.0
TCK-1096,Ingreso a Backlog,2025-02-07,2025-02-07,0.0
TCK-1096,Inicio de Fase,2025-11-28,2025-11-28,0.0
TCK-1096,Resolución del Requerimiento,2025-11-02,2025-11-02,0.0
TCK-1096,Validación QA,2025-11-29,2025-11-29,0.0
TCK-1097,Aprobación por Comité,2025-02-09,2025-02-09,0.0
TCK-1097,Cierre del Ticket,2025-11-02,2025-11-02,0.0
TCK-1097,Creación de Ticket,2025-01-29,2025-01-29,0.0
TCK-1097,Evaluación de Requerimiento,2025-01-30,2025-01-30,0.0
TCK-1097,Fin de Fase,2025-12-08,2025-12-08,0.0
TCK-1097,Ingreso a Backlog,2025-02-07,2025-02-07,0.0
TCK-1097,Inicio de Fase,2025-11-26,2025-11-26,0.0
TCK-1097,Resolución del Requerimiento,2025-11-02,2025-11-02,0.0
TCK-1097,Validación QA,2025-11-23,2025-11-23,0.0
TCK-1098,Aprobación por Comité,2025-02-09,2025-02-09,0.0
TCK-1098,Cierre del Ticket,2025-11-02,2025-11-02,0.0
TCK-1098,Creación de Ticket,2025-01-29,2025-01-29,0.0
TCK-1098,Evaluación de Requerimiento,2025-01-30,2025-01-30,0.0
TCK-1098,Fin de Fase,2025-12-13,2025-12-13,0.0
TCK-1098,Ingreso a Backlog,2025-02-07,2025-02-07,0.0
TCK-1098,Inicio de Fase,2025-11-19,2025-11-19,0.0
TCK-1098,Resolución del Requerimiento,2025-11-02,2025-11-02,0.0
TCK-1098,Validación QA,2025-11-27,2025-11-27,0.0
TCK-1099,Aprobación por Comité,2025-02-10,2025-02-10,0.0
TCK-1099,Cierre del Ticket,2025-11-03,2025-11-03,0.0
TCK-1099,Creación de Ticket,2025-01-30,2025-01-30,0.0
TCK-1099,Evaluación de Requerimiento,2025-01-31,2025-01-31,0.0
TCK-1099,Fin de Fase,2025-12-07,2025-12-07,0.0
TCK-1099,Ingreso a Backlog,2025-02-08,2025-02-08,0.0
TCK-1099,Inicio de Fase,2025-11-11,2025-11-11,0.0
TCK-1099,Resolución del Requerimiento,2025-11-03,2025-11-03,0.0
TCK-1099,Validación QA,2025-11-29,2025-11-29,0.0
TCK-1100,Aprobación por Comité,2025-02-10,2025-02-10,0.0
TCK-1100,Cierre del Ticket,2025-11-03,2025-11-03,0.0
TCK-1100,Creación de Ticket,2025-01-30,2025-01-30,0.0
TCK-1100,Evaluación de Requerimiento,2025-01-31,2025-01-31,0.0
TCK-1100,Fin de Fase,2025-12-04,2025-12-04,0.0
TCK-1100,Ingreso a Backlog,2025-02-08,2025-02-08,0.0
TCK-1100,Inicio de Fase,2025-09-18,2025-09-18,0.0
TCK-1100,Resolución del Requerimiento,2025-11-03,2025-11-03,0.0
TCK-1100,Validación QA,2025-11-28,2025-11-28,0.0
TCK-1101,Aprobación por Comité,2025-02-10,2025-02-10,0.0
TCK-1101,Cierre del Ticket,2025-11-03,2025-11-03,0.0
TCK-1101,Creación de Ticket,2025-01-30,2025-01-30,0.0
TCK-1101,Evaluación de Requerimiento,2025-01-31,2025-01-31,0.0
TCK-1101,Fin de Fase,2025-12-03,2025-12-03,0.0
TCK-1101,Ingreso a Backlog,2025-02-08,2025-02-08,0.0
TCK-1101,Inicio de Fase,2025-10-11,2025-10-11,0.0
TCK-1101,Resolución del Requerimiento,2025-11-03,2025-11-03,0.0
TCK-1101,Validación QA,2025-12-02,2025-12-02,0.0
TCK-1102,Aprobación por Comité,2025-02-11,2025-02-11,0.0
TCK-1102,Cierre del Ticket,2025-11-04,2025-11-04,0.0
TCK-1102,Creación de Ticket,2025-01-31,2025-01-31,0.0
TCK-1102,Evaluación de Requerimiento,2025-02-01,2025-02-01,0.0
TCK-1102,Fin de Fase,2025-12-10,2025-12-10,0.0
TCK-1102,Ingreso a Backlog,2025-02-09,2025-02-09,0.0
TCK-1102,Inicio de Fase,2025-09-22,2025-09-22,0.0
TCK-1102,Resolución del Requerimiento,2025-11-04,2025-11-04,0.0
TCK-1102,Validación QA,2025-11-29,2025-11-29,0.0
TCK-1103,Aprobación por Comité,2025-02-11,2025-02-11,0.0
TCK-1103,Cierre del Ticket,2025-11-04,2025-11-04,0.0
TCK-1103,Creación de Ticket,2025-01-31,2025-01-31,0.0
TCK-1103,Evaluación de Requerimiento,2025-02-01,2025-02-01,0.0
TCK-1103,Fin de Fase,2025-12-10,2025-12-10,0.0
TCK-1103,Ingreso a Backlog,2025-02-09,2025-02-09,0.0
TCK-1103,Inicio de Fase,2025-11-13,2025-11-13,0.0
TCK-1103,Resolución del Requerimiento,2025-11-04,2025-11-04,0.0
TCK-1103,Validación QA,2025-11-23,2025-11-23,0.0
TCK-1104,Aprobación por Comité,2025-02-11,2025-02-11,0.0
TCK-1104,Cierre del Ticket,2025-11-04,2025-11-04,0.0
TCK-1104,Creación de Ticket,2025-01-31,2025-01-31,0.0
TCK-1104,Evaluación de Requerimiento,2025-02-01,2025-02-01,0.0
TCK-1104,Fin de Fase,2025-12-13,2025-12-13,0.0
TCK-1104,Ingreso a Backlog,2025-02-09,2025-02-09,0.0
TCK-1104,Inicio de Fase,2025-10-13,2025-10-13,0.0
TCK-1104,Resolución del Requerimiento,2025-11-04,2025-11-04,0.0
TCK-1104,Validación QA,2025-12-01,2025-12-01,0.0
TCK-1105,Aprobación por Comité,2025-02-11,2025-02-11,0.0
TCK-1105,Cierre del Ticket,2025-11-04,2025-11-04,0.0
TCK-1105,Creación de Ticket,2025-01-31,2025-01-31,0.0
TCK-1105,Evaluación de Requerimiento,2025-02-01,2025-02-01,0.0
TCK-1105,Fin de Fase,2025-12-09,2025-12-09,0.0
TCK-1105,Ingreso a Backlog,2025-02-09,2025-02-09,0.0
TCK-1105,Inicio de Fase,2025-09-28,2025-09-28,0.0
TCK-1105,Resolución del Requerimiento,2025-11-04,2025-11-04,0.0
TCK-1105,Validación QA,2025-12-03,2025-12-03,0.0
TCK-1106,Aprobación por Comité,2025-02-12,2025-02-12,0.0
TCK-1106,Cierre del Ticket,2025-11-05,2025-11-05,0.0
TCK-1106,Creación de Ticket,2025-02-01,2025-02-01,0.0
TCK-1106,Evaluación de Requerimiento,2025-02-02,2025-02-02,0.0
TCK-1106,Fin de Fase,2025-12-04,2025-12-04,0.0
TCK-1106,Ingreso a Backlog,2025-02-10,2025-02-10,0.0
TCK-1106,Inicio de Fase,2025-10-04,2025-10-04,0.0
TCK-1106,Resolución del Requerimiento,2025-11-05,2025-11-05,0.0
TCK-1106,Validación QA,2025-11-30,2025-11-30,0.0
TCK-1107,Aprobación por Comité,2025-02-12,2025-02-12,0.0
TCK-1107,Cierre del Ticket,2025-11-05,2025-11-05,0.0
TCK-1107,Creación de Ticket,2025-02-01,2025-02-01,0.0
TCK-1107,Evaluación de Requerimiento,2025-02-02,2025-02-02,0.0
TCK-1107,Fin de Fase,2025-12-12,2025-12-12,0.0
TCK-1107,Ingreso a Backlog,2025-02-10,2025-02-10,0.0
TCK-1107,Inicio de Fase,2025-12-01,2025-12-01,0.0
TCK-1107,Resolución del Requerimiento,2025-11-05,2025-11-05,0.0
TCK-1107,Validación QA,2025-11-30,2025-11-30,0.0
TCK-1108,Aprobación por Comité,2025-02-12,2025-02-12,0.0
TCK-1108,Cierre del Ticket,2025-11-05,2025-11-05,0.0
TCK-1108,Creación de Ticket,2025-02-01,2025-02-01,0.0
TCK-1108,Evaluación de Requerimiento,2025-02-02,2025-02-02,0.0
TCK-1108,Fin de Fase,2025-12-12,2025-12-12,0.0
TCK-1108,Ingreso a Backlog,2025-02-10,2025-02-10,0.0
TCK-1108,Inicio de Fase,2025-09-14,2025-09-14,0.0
TCK-1108,Resolución del Requerimiento,2025-11-05,2025-11-05,0.0
TCK-1108,Validación QA,2025-12-02,2025-12-02,0.0
TCK-1109,Aprobación por Comité,2025-02-13,2025-02-13,0.0
TCK-1109,Cierre del Ticket,2025-11-06,2025-11-06,0.0
TCK-1109,Creación de Ticket,2025-02-02,2025-02-02,0.0
TCK-1109,Evaluación de Requerimiento,2025-02-03,2025-02-03,0.0
TCK-1109,Fin de Fase,2025-12-09,2025-12-09,0.0
TCK-1109,Ingreso a Backlog,2025-02-11,2025-02-11,0.0
TCK-1109,Inicio de Fase,2025-09-10,2025-09-10,0.0
TCK-1109,Resolución del Requerimiento,2025-11-06,2025-11-06,0.0
TCK-1109,Validación QA,2025-11-25,2025-11-25,0.0
TCK-1110,Aprobación por Comité,2025-02-13,2025-02-13,0.0
TCK-1110,Cierre del Ticket,2025-11-06,2025-11-06,0.0
TCK-1110,Creación de Ticket,2025-02-02,2025-02-02,0.0
TCK-1110,Evaluación de Requerimiento,2025-02-03,2025-02-03,0.0
TCK-1110,Fin de Fase,2025-12-03,2025-12-03,0.0
TCK-1110,Ingreso a Backlog,2025-02-11,2025-02-11,0.0
TCK-1110,Inicio de Fase,2025-11-18,2025-11-18,0.0
TCK-1110,Resolución del Requerimiento,2025-11-06,2025-11-06,0.0
TCK-1110,Validación QA,2025-11-28,2025-11-28,0.0
TCK-1111,Aprobación por Comité,2025-02-13,2025-02-13,0.0
TCK-1111,Cierre del Ticket,2025-11-06,2025-11-06,0.0
TCK-1111,Creación de Ticket,2025-02-02,2025-02-02,0.0
TCK-1111,Evaluación de Requerimiento,2025-02-03,2025-02-03,0.0
TCK-1111,Fin de Fase,2025-12-12,2025-12-12,0.0
TCK-1111,Ingreso a Backlog,2025-02-11,2025-02-11,0.0
TCK-1111,Inicio de Fase,2025-09-26,2025-09-26,0.0
TCK-1111,Resolución del Requerimiento,2025-11-06,2025-11-06,0.0
TCK-1111,Validación QA,2025-11-23,2025-11-23,0.0
TCK-1112,Aprobación por Comité,2025-02-14,2025-02-14,0.0
TCK-1112,Cierre del Ticket,2025-11-07,2025-11-07,0.0
TCK-1112,Creación de Ticket,2025-02-03,2025-02-03,0.0
TCK-1112,Evaluación de Requerimiento,2025-02-04,2025-02-04,0.0
TCK-1112,Fin de Fase,2025-12-07,2025-12-07,0.0
TCK-1112,Ingreso a Backlog,2025-02-12,2025-02-12,0.0
TCK-1112,Inicio de Fase,2025-10-25,2025-10-25,0.0
TCK-1112,Resolución del Requerimiento,2025-11-07,2025-11-07,0.0
TCK-1112,Validación QA,2025-11-26,2025-11-26,0.0
TCK-1113,Aprobación por Comité,2025-02-14,2025-02-14,0.0
TCK-1113,Cierre del Ticket,2025-11-07,2025-11-07,0.0
TCK-1113,Creación de Ticket,2025-02-03,2025-02-03,0.0
TCK-1113,Evaluación de Requerimiento,2025-02-04,2025-02-04,0.0
TCK-1113,Fin de Fase,2025-12-10,2025-12-10,0.0
TCK-1113,Ingreso a Backlog,2025-02-12,2025-02-12,0.0
TCK-1113,Inicio de Fase,2025-10-07,2025-10-07,0.0
TCK-1113,Resolución del Requerimiento,2025-11-07,2025-11-07,0.0
TCK-1113,Validación QA,2025-12-01,2025-12-01,0.0
TCK-1114,Aprobación por Comité,2025-02-14,2025-02-14,0.0
TCK-1114,Cierre del Ticket,2025-11-07,2025-11-07,0.0
TCK-1114,Creación de Ticket,2025-02-03,2025-02-03,0.0
TCK-1114,Evaluación de Requerimiento,2025-02-04,2025-02-04,0.0
TCK-1114,Fin de Fase,2025-12-08,2025-12-08,0.0
TCK-1114,Ingreso a Backlog,2025-02-12,2025-02-12,0.0
TCK-1114,Inicio de Fase,2025-09-05,2025-09-05,0.0
TCK-1114,Resolución del Requerimiento,2025-11-07,2025-11-07,0.0
TCK-1114,Validación QA,2025-11-30,2025-11-30,0.0
TCK-1115,Aprobación por Comité,2025-02-14,2025-02-14,0.0
TCK-1115,Cierre del Ticket,2025-11-07,2025-11-07,0.0
TCK-1115,Creación de Ticket,2025-02-03,2025-02-03,0.0
TCK-1115,Evaluación de Requerimiento,2025-02-04,2025-02-04,0.0
TCK-1115,Fin de Fase,2025-12-06,2025-12-06,0.0
TCK-1115,Ingreso a Backlog,2025-02-12,2025-02-12,0.0
TCK-1115,Inicio de Fase,2025-11-11,2025-11-11,0.0
TCK-1115,Resolución del Requerimiento,2025-11-07,2025-11-07,0.0
TCK-1115,Validación QA,2025-11-23,2025-11-23,0.0
TCK-1116,Aprobación por Comité,2025-02-15,2025-02-15,0.0
TCK-1116,Cierre del Ticket,2025-11-08,2025-11-08,0.0
TCK-1116,Creación de Ticket,2025-02-04,2025-02-04,0.0
TCK-1116,Evaluación de Requerimiento,2025-02-05,2025-02-05,0.0
TCK-1116,Fin de Fase,2025-12-13,2025-12-13,0.0
TCK-1116,Ingreso a Backlog,2025-02-13,2025-02-13,0.0
TCK-1116,Inicio de Fase,2025-10-05,2025-10-05,0.0
TCK-1116,Resolución del Requerimiento,2025-11-08,2025-11-08,0.0
TCK-1116,Validación QA,2025-11-23,2025-11-23,0.0
TCK-1117,Aprobación por Comité,2025-02-15,2025-02-15,0.0
TCK-1117,Cierre del Ticket,2025-11-08,2025-11-08,0.0
TCK-1117,Creación de Ticket,2025-02-04,2025-02-04,0.0
TCK-1117,Evaluación de Requerimiento,2025-02-05,2025-02-05,0.0
TCK-1117,Fin de Fase,2025-12-09,2025-12-09,0.0
TCK-1117,Ingreso a Backlog,2025-02-13,2025-02-13,0.0
TCK-1117,Inicio de Fase,2025-11-17,2025-11-17,0.0
TCK-1117,Resolución del Requerimiento,2025-11-08,2025-11-08,0.0
TCK-1117,Validación QA,2025-12-03,2025-12-03,0.0
TCK-1118,Aprobación por Comité,2025-02-15,2025-02-15,0.0
TCK-1118,Cierre del Ticket,2025-11-08,2025-11-08,0.0
TCK-1118,Creación de Ticket,2025-02-04,2025-02-04,0.0
TCK-1118,Evaluación de Requerimiento,2025-02-05,2025-02-05,0.0
TCK-1118,Fin de Fase,2025-12-10,2025-12-10,0.0
TCK-1118,Ingreso a Backlog,2025-02-13,2025-02-13,0.0
TCK-1118,Inicio de Fase,2025-10-12,2025-10-12,0.0
TCK-1118,Resolución del Requerimiento,2025-11-08,2025-11-08,0.0
TCK-1118,Validación QA,2025-11-29,2025-11-29,0.0
TCK-1119,Aprobación por Comité,2025-02-16,2025-02-16,0.0
TCK-1119,Cierre del Ticket,2025-11-09,2025-11-09,0.0
TCK-1119,Creación de Ticket,2025-02-05,2025-02-05,0.0
TCK-1119,Evaluación de Requerimiento,2025-02-06,2025-02-06,0.0
TCK-1119,Fin de Fase,2025-12-08,2025-12-08,0.0
TCK-1119,Ingreso a Backlog,2025-02-14,2025-02-14,0.0
TCK-1119,Inicio de Fase,2025-10-20,2025-10-20,0.0
TCK-1119,Resolución del Requerimiento,2025-11-09,2025-11-09,0.0
TCK-1119,Validación QA,2025-11-26,2025-11-26,0.0
TCK-1120,Aprobación por Comité,2025-02-16,2025-02-16,0.0
TCK-1120,Cierre del Ticket,2025-11-09,2025-11-09,0.0
TCK-1120,Creación de Ticket,2025-02-05,2025-02-05,0.0
TCK-1120,Evaluación de Requerimiento,2025-02-06,2025-02-06,0.0
TCK-1120,Fin de Fase,2025-12-08,2025-12-08,0.0
TCK-1120,Ingreso a Backlog,2025-02-14,2025-02-14,0.0
TCK-1120,Inicio de Fase,2025-10-27,2025-10-27,0.0
TCK-1120,Resolución del Requerimiento,2025-11-09,2025-11-09,0.0
TCK-1120,Validación QA,2025-12-01,2025-12-01,0.0
TCK-1121,Aprobación por Comité,2025-02-16,2025-02-16,0.0
TCK-1121,Cierre del Ticket,2025-11-09,2025-11-09,0.0
TCK-1121,Creación de Ticket,2025-02-05,2025-02-05,0.0
TCK-1121,Evaluación de Requerimiento,2025-02-06,2025-02-06,0.0
TCK-1121,Fin de Fase,2025-12-09,2025-12-09,0.0
TCK-1121,Ingreso a Backlog,2025-02-14,2025-02-14,0.0
TCK-1121,Inicio de Fase,2025-11-15,2025-11-15,0.0
TCK-1121,Resolución del Requerimiento,2025-11-09,2025-11-09,0.0
TCK-1121,Validación QA,2025-11-28,2025-11-28,0.0
TCK-1122,Aprobación por Comité,2025-02-17,2025-02-17,0.0
TCK-1122,Cierre del Ticket,2025-11-10,2025-11-10,0.0
TCK-1122,Creación de Ticket,2025-02-06,2025-02-06,0.0
TCK-1122,Evaluación de Requerimiento,2025-02-07,2025-02-07,0.0
TCK-1122,Fin de Fase,2025-12-09,2025-12-09,0.0
TCK-1122,Ingreso a Backlog,2025-02-15,2025-02-15,0.0
TCK-1122,Inicio de Fase,2025-11-29,2025-11-29,0.0
TCK-1122,Resolución del Requerimiento,2025-11-10,2025-11-10,0.0
TCK-1122,Validación QA,2025-12-03,2025-12-03,0.0
TCK-1123,Aprobación por Comité,2025-02-17,2025-02-17,0.0
TCK-1123,Cierre del Ticket,2025-11-10,2025-11-10,0.0
TCK-1123,Creación de Ticket,2025-02-06,2025-02-06,0.0
TCK-1123,Evaluación de Requerimiento,2025-02-07,2025-02-07,0.0
TCK-1123,Fin de Fase,2025-12-12,2025-12-12,0.0
TCK-1123,Ingreso a Backlog,2025-02-15,2025-02-15,0.0
TCK-1123,Inicio de Fase,2025-09-11,2025-09-11,0.0
TCK-1123,Resolución del Requerimiento,2025-11-10,2025-11-10,0.0
TCK-1123,Validación QA,2025-12-01,2025-12-01,0.0
TCK-1124,Aprobación por Comité,2025-02-17,2025-02-17,0.0
TCK-1124,Cierre del Ticket,2025-11-10,2025-11-10,0.0
TCK-1124,Creación de Ticket,2025-02-06,2025-02-06,0.0
TCK-1124,Evaluación de Requerimiento,2025-02-07,2025-02-07,0.0
TCK-1124,Fin de Fase,2025-12-03,2025-12-03,0.0
TCK-1124,Ingreso a Backlog,2025-02-15,2025-02-15,0.0
TCK-1124,Inicio de Fase,2025-09-28,2025-09-28,0.0
TCK-1124,Resolución del Requerimiento,2025-11-10,2025-11-10,0.0
TCK-1124,Validación QA,2025-11-25,2025-11-25,0.0
TCK-1125,Aprobación por Comité,2025-02-17,2025-02-17,0.0
TCK-1125,Cierre del Ticket,2025-11-10,2025-11-10,0.0
TCK-1125,Creación de Ticket,2025-02-06,2025-02-06,0.0
TCK-1125,Evaluación de Requerimiento,2025-02-07,2025-02-07,0.0
TCK-1125,Fin de Fase,2025-12-11,2025-12-11,0.0
TCK-1125,Ingreso a Backlog,2025-02-15,2025-02-15,0.0
TCK-1125,Inicio de Fase,2025-12-01,2025-12-01,0.0
TCK-1125,Resolución del Requerimiento,2025-11-10,2025-11-10,0.0
TCK-1125,Validación QA,2025-12-02,2025-12-02,0.0
TCK-1126,Aprobación por Comité,2025-02-18,2025-02-18,0.0
TCK-1126,Cierre del Ticket,2025-11-11,2025-11-11,0.0
TCK-1126,Creación de Ticket,2025-02-07,2025-02-07,0.0
TCK-1126,Evaluación de Requerimiento,2025-02-08,2025-02-08,0.0
TCK-1126,Fin de Fase,2025-12-05,2025-12-05,0.0
TCK-1126,Ingreso a Backlog,2025-02-16,2025-02-16,0.0
TCK-1126,Inicio de Fase,2025-12-03,2025-12-03,0.0
TCK-1126,Resolución del Requerimiento,2025-11-11,2025-11-11,0.0
TCK-1126,Validación QA,2025-11-23,2025-11-23,0.0
TCK-1127,Aprobación por Comité,2025-02-18,2025-02-18,0.0
TCK-1127,Cierre del Ticket,2025-11-11,2025-11-11,0.0
TCK-1127,Creación de Ticket,2025-02-07,2025-02-07,0.0
TCK-1127,Evaluación de Requerimiento,2025-02-08,2025-02-08,0.0
TCK-1127,Fin de Fase,2025-12-05,2025-12-05,0.0
TCK-1127,Ingreso a Backlog,2025-02-16,2025-02-16,0.0
TCK-1127,Inicio de Fase,2025-11-17,2025-11-17,0.0
TCK-1127,Resolución del Requerimiento,2025-11-11,2025-11-11,0.0
TCK-1127,Validación QA,2025-11-26,2025-11-26,0.0
TCK-1128,Aprobación por Comité,2025-02-18,2025-02-18,0.0
TCK-1128,Cierre del Ticket,2025-11-11,2025-11-11,0.0
TCK-1128,Creación de Ticket,2025-02-07,2025-02-07,0.0
TCK-1128,Evaluación de Requerimiento,2025-02-08,2025-02-08,0.0
TCK-1128,Fin de Fase,2025-12-10,2025-12-10,0.0
TCK-1128,Ingreso a Backlog,2025-02-16,2025-02-16,0.0
TCK-1128,Inicio de Fase,2025-11-01,2025-11-01,0.0
TCK-1128,Resolución del Requerimiento,2025-11-11,2025-11-11,0.0
TCK-1128,Validación QA,2025-11-26,2025-11-26,0.0
TCK-1129,Aprobación por Comité,2025-02-19,2025-02-19,0.0
TCK-1129,Cierre del Ticket,2025-11-12,2025-11-12,0.0
TCK-1129,Creación de Ticket,2025-02-08,2025-02-08,0.0
TCK-1129,Evaluación de Requerimiento,2025-02-09,2025-02-09,0.0
TCK-1129,Fin de Fase,2025-12-10,2025-12-10,0.0
TCK-1129,Ingreso a Backlog,2025-02-17,2025-02-17,0.0
TCK-1129,Inicio de Fase,2025-10-07,2025-10-07,0.0
TCK-1129,Resolución del Requerimiento,2025-11-12,2025-11-12,0.0
TCK-1129,Validación QA,2025-12-01,2025-12-01,0.0
TCK-1130,Aprobación por Comité,2025-02-19,2025-02-19,0.0
TCK-1130,Cierre del Ticket,2025-11-12,2025-11-12,0.0
TCK-1130,Creación de Ticket,2025-02-08,2025-02-08,0.0
TCK-1130,Evaluación de Requerimiento,2025-02-09,2025-02-09,0.0
TCK-1130,Fin de Fase,2025-12-11,2025-12-11,0.0
TCK-1130,Ingreso a Backlog,2025-02-17,2025-02-17,0.0
TCK-1130,Inicio de Fase,2025-10-17,2025-10-17,0.0
TCK-1130,Resolución del Requerimiento,2025-11-12,2025-11-12,0.0
TCK-1130,Validación QA,2025-12-03,2025-12-03,0.0
TCK-1131,Aprobación por Comité,2025-02-19,2025-02-19,0.0
TCK-1131,Cierre del Ticket,2025-11-12,2025-11-12,0.0
TCK-1131,Creación de Ticket,2025-02-08,2025-02-08,0.0
TCK-1131,Evaluación de Requerimiento,2025-02-09,2025-02-09,0.0
TCK-1131,Fin de Fase,2025-12-07,2025-12-07,0.0
TCK-1131,Ingreso a Backlog,2025-02-17,2025-02-17,0.0
TCK-1131,Inicio de Fase,2025-11-05,2025-11-05,0.0
TCK-1131,Resolución del Requerimiento,2025-11-12,2025-11-12,0.0
TCK-1131,Validación QA,2025-12-02,2025-12-02,0.0
TCK-1132,Aprobación por Comité,2025-02-19,2025-02-19,0.0
TCK-1132,Cierre del Ticket,2025-11-12,2025-11-12,0.0
TCK-1132,Creación de Ticket,2025-02-08,2025-02-08,0.0
TCK-1132,Evaluación de Requerimiento,2025-02-09,2025-02-09,0.0
TCK-1132,Fin de Fase,2025-12-08,2025-12-08,0.0
TCK-1132,Ingreso a Backlog,2025-02-17,2025-02-17,0.0
TCK-1132,Inicio de Fase,2025-11-22,2025-11-22,0.0
TCK-1132,Resolución del Requerimiento,2025-11-12,2025-11-12,0.0
TCK-1132,Validación QA,2025-11-23,2025-11-23,0.0
TCK-1133,Aprobación por Comité,2025-02-20,2025-02-20,0.0
TCK-1133,Cierre del Ticket,2025-11-13,2025-11-13,0.0
TCK-1133,Creación de Ticket,2025-02-09,2025-02-09,0.0
TCK-1133,Evaluación de Requerimiento,2025-02-10,2025-02-10,0.0
TCK-1133,Fin de Fase,2025-12-08,2025-12-08,0.0
TCK-1133,Ingreso a Backlog,2025-02-18,2025-02-18,0.0
TCK-1133,Inicio de Fase,2025-09-19,2025-09-19,0.0
TCK-1133,Resolución del Requerimiento,2025-11-13,2025-11-13,0.0
TCK-1133,Validación QA,2025-11-28,2025-11-28,0.0
TCK-1134,Aprobación por Comité,2025-02-20,2025-02-20,0.0
TCK-1134,Cierre del Ticket,2025-11-13,2025-11-13,0.0
TCK-1134,Creación de Ticket,2025-02-09,2025-02-09,0.0
TCK-1134,Evaluación de Requerimiento,2025-02-10,2025-02-10,0.0
TCK-1134,Fin de Fase,2025-12-09,2025-12-09,0.0
TCK-1134,Ingreso a Backlog,2025-02-18,2025-02-18,0.0
TCK-1134,Inicio de Fase,2025-11-08,2025-11-08,0.0
TCK-1134,Resolución del Requerimiento,2025-11-13,2025-11-13,0.0
TCK-1134,Validación QA,2025-11-24,2025-11-24,0.0
TCK-1135,Aprobación por Comité,2025-02-20,2025-02-20,0.0
TCK-1135,Cierre del Ticket,2025-11-13,2025-11-13,0.0
TCK-1135,Creación de Ticket,2025-02-09,2025-02-09,0.0
TCK-1135,Evaluación de Requerimiento,2025-02-10,2025-02-10,0.0
TCK-1135,Fin de Fase,2025-12-03,2025-12-03,0.0
TCK-1135,Ingreso a Backlog,2025-02-18,2025-02-18,0.0
TCK-1135,Inicio de Fase,2025-10-12,2025-10-12,0.0
TCK-1135,Resolución del Requerimiento,2025-11-13,2025-11-13,0.0
TCK-1135,Validación QA,2025-11-23,2025-11-23,0.0
TCK-1136,Aprobación por Comité,2025-02-21,2025-02-21,0.0
TCK-1136,Cierre del Ticket,2025-11-14,2025-11-14,0.0
TCK-1136,Creación de Ticket,2025-02-10,2025-02-10,0.0
TCK-1136,Evaluación de Requerimiento,2025-02-11,2025-02-11,0.0
TCK-1136,Fin de Fase,2025-12-03,2025-12-03,0.0
TCK-1136,Ingreso a Backlog,2025-02-19,2025-02-19,0.0
TCK-1136,Inicio de Fase,2025-10-21,2025-10-21,0.0
TCK-1136,Resolución del Requerimiento,2025-11-14,2025-11-14,0.0
TCK-1136,Validación QA,2025-11-30,2025-11-30,0.0
TCK-1137,Aprobación por Comité,2025-02-21,2025-02-21,0.0
TCK-1137,Cierre del Ticket,2025-11-14,2025-11-14,0.0
TCK-1137,Creación de Ticket,2025-02-10,2025-02-10,0.0
TCK-1137,Evaluación de Requerimiento,2025-02-11,2025-02-11,0.0
TCK-1137,Fin de Fase,2025-12-09,2025-12-09,0.0
TCK-1137,Ingreso a Backlog,2025-02-19,2025-02-19,0.0
TCK-1137,Inicio de Fase,2025-11-01,2025-11-01,0.0
TCK-1137,Resolución del Requerimiento,2025-11-14,2025-11-14,0.0
TCK-1137,Validación QA,2025-11-25,2025-11-25,0.0
TCK-1138,Aprobación por Comité,2025-02-21,2025-02-21,0.0
TCK-1138,Cierre del Ticket,2025-11-14,2025-11-14,0.0
TCK-1138,Creación de Ticket,2025-02-10,2025-02-10,0.0
TCK-1138,Evaluación de Requerimiento,2025-02-11,2025-02-11,0.0
TCK-1138,Fin de Fase,2025-12-08,2025-12-08,0.0
TCK-1138,Ingreso a Backlog,2025-02-19,2025-02-19,0.0
TCK-1138,Inicio de Fase,2025-10-19,2025-10-19,0.0
TCK-1138,Resolución del Requerimiento,2025-11-14,2025-11-14,0.0
TCK-1138,Validación QA,2025-12-02,2025-12-02,0.0
TCK-1139,Aprobación por Comité,2025-02-22,2025-02-22,0.0
TCK-1139,Cierre del Ticket,2025-11-15,2025-11-15,0.0
TCK-1139,Creación de Ticket,2025-02-11,2025-02-11,0.0
TCK-1139,Evaluación de Requerimiento,2025-02-12,2025-02-12,0.0
TCK-1139,Fin de Fase,2025-12-09,2025-12-09,0.0
TCK-1139,Ingreso a Backlog,2025-02-20,2025-02-20,0.0
TCK-1139,Inicio de Fase,2025-09-29,2025-09-29,0.0
TCK-1139,Resolución del Requerimiento,2025-11-15,2025-11-15,0.0
TCK-1139,Validación QA,2025-12-02,2025-12-02,0.0
TCK-1140,Aprobación por Comité,2025-02-22,2025-02-22,0.0
TCK-1140,Cierre del Ticket,2025-11-15,2025-11-15,0.0
TCK-1140,Creación de Ticket,2025-02-11,2025-02-11,0.0
TCK-1140,Evaluación de Requerimiento,2025-02-12,2025-02-12,0.0
TCK-1140,Fin de Fase,2025-12-10,2025-12-10,0.0
TCK-1140,Ingreso a Backlog,2025-02-20,2025-02-20,0.0
TCK-1140,Inicio de Fase,2025-10-13,2025-10-13,0.0
TCK-1140,Resolución del Requerimiento,2025-11-15,2025-11-15,0.0
TCK-1140,Validación QA,2025-11-24,2025-11-24,0.0
TCK-1141,Aprobación por Comité,2025-02-22,2025-02-22,0.0
TCK-1141,Cierre del Ticket,2025-11-15,2025-11-15,0.0
TCK-1141,Creación de Ticket,2025-02-11,2025-02-11,0.0
TCK-1141,Evaluación de Requerimiento,2025-02-12,2025-02-12,0.0
TCK-1141,Fin de Fase,2025-12-12,2025-12-12,0.0
TCK-1141,Ingreso a Backlog,2025-02-20,2025-02-20,0.0
TCK-1141,Inicio de Fase,2025-09-16,2025-09-16,0.0
TCK-1141,Resolución del Requerimiento,2025-11-15,2025-11-15,0.0
TCK-1141,Validación QA,2025-11-23,2025-11-23,0.0
TCK-1142,Aprobación por Comité,2025-02-22,2025-02-22,0.0
TCK-1142,Cierre del Ticket,2025-11-15,2025-11-15,0.0
TCK-1142,Creación de Ticket,2025-02-11,2025-02-11,0.0
TCK-1142,Evaluación de Requerimiento,2025-02-12,2025-02-12,0.0
TCK-1142,Fin de Fase,2025-12-08,2025-12-08,0.0
TCK-1142,Ingreso a Backlog,2025-02-20,2025-02-20,0.0
TCK-1142,Inicio de Fase,2025-11-03,2025-11-03,0.0
TCK-1142,Resolución del Requerimiento,2025-11-15,2025-11-15,0.0
TCK-1142,Validación QA,2025-11-30,2025-11-30,0.0
TCK-1143,Aprobación por Comité,2025-02-23,2025-02-23,0.0
TCK-1143,Cierre del Ticket,2025-11-16,2025-11-16,0.0
TCK-1143,Creación de Ticket,2025-02-12,2025-02-12,0.0
TCK-1143,Evaluación de Requerimiento,2025-02-13,2025-02-13,0.0
TCK-1143,Fin de Fase,2025-12-09,2025-12-09,0.0
TCK-1143,Ingreso a Backlog,2025-02-21,2025-02-21,0.0
TCK-1143,Inicio de Fase,2025-09-28,2025-09-28,0.0
TCK-1143,Resolución del Requerimiento,2025-11-16,2025-11-16,0.0
TCK-1143,Validación QA,2025-12-01,2025-12-01,0.0
TCK-1144,Aprobación por Comité,2025-02-23,2025-02-23,0.0
TCK-1144,Cierre del Ticket,2025-11-16,2025-11-16,0.0
TCK-1144,Creación de Ticket,2025-02-12,2025-02-12,0.0
TCK-1144,Evaluación de Requerimiento,2025-02-13,2025-02-13,0.0
TCK-1144,Fin de Fase,2025-12-05,2025-12-05,0.0
TCK-1144,Ingreso a Backlog,2025-02-21,2025-02-21,0.0
TCK-1144,Inicio de Fase,2025-10-04,2025-10-04,0.0
TCK-1144,Resolución del Requerimiento,2025-11-16,2025-11-16,0.0
TCK-1144,Validación QA,2025-11-26,2025-11-26,0.0
TCK-1145,Aprobación por Comité,2025-02-23,2025-02-23,0.0
TCK-1145,Cierre del Ticket,2025-11-16,2025-11-16,0.0
TCK-1145,Creación de Ticket,2025-02-12,2025-02-12,0.0
TCK-1145,Evaluación de Requerimiento,2025-02-13,2025-02-13,0.0
TCK-1145,Fin de Fase,2025-12-05,2025-12-05,0.0
TCK-1145,Ingreso a Backlog,2025-02-21,2025-02-21,0.0
TCK-1145,Inicio de Fase,2025-10-25,2025-10-25,0.0
TCK-1145,Resolución del Requerimiento,2025-11-16,2025-11-16,0.0
TCK-1145,Validación QA,2025-12-03,2025-12-03,0.0
TCK-1146,Aprobación por Comité,2025-02-24,2025-02-24,0.0
TCK-1146,Cierre del Ticket,2025-11-17,2025-11-17,0.0
TCK-1146,Creación de Ticket,2025-02-13,2025-02-13,0.0
TCK-1146,Evaluación de Requerimiento,2025-02-14,2025-02-14,0.0
TCK-1146,Fin de Fase,2025-12-07,2025-12-07,0.0
TCK-1146,Ingreso a Backlog,2025-02-22,2025-02-22,0.0
TCK-1146,Inicio de Fase,2025-10-30,2025-10-30,0.0
TCK-1146,Resolución del Requerimiento,2025-11-17,2025-11-17,0.0
TCK-1146,Validación QA,2025-11-24,2025-11-24,0.0
TCK-1147,Aprobación por Comité,2025-02-24,2025-02-24,0.0
TCK-1147,Cierre del Ticket,2025-11-17,2025-11-17,0.0
TCK-1147,Creación de Ticket,2025-02-13,2025-02-13,0.0
TCK-1147,Evaluación de Requerimiento,2025-02-14,2025-02-14,0.0
TCK-1147,Fin de Fase,2025-12-06,2025-12-06,0.0
TCK-1147,Ingreso a Backlog,2025-02-22,2025-02-22,0.0
TCK-1147,Inicio de Fase,2025-11-19,2025-11-19,0.0
TCK-1147,Resolución del Requerimiento,2025-11-17,2025-11-17,0.0
TCK-1147,Validación QA,2025-11-28,2025-11-28,0.0
TCK-1148,Aprobación por Comité,2025-02-24,2025-02-24,0.0
TCK-1148,Cierre del Ticket,2025-11-17,2025-11-17,0.0
TCK-1148,Creación de Ticket,2025-02-13,2025-02-13,0.0
TCK-1148,Evaluación de Requerimiento,2025-02-14,2025-02-14,0.0
TCK-1148,Fin de Fase,2025-12-13,2025-12-13,0.0
TCK-1148,Ingreso a Backlog,2025-02-22,2025-02-22,0.0
TCK-1148,Inicio de Fase,2025-12-03,2025-12-03,0.0
TCK-1148,Resolución del Requerimiento,2025-11-17,2025-11-17,0.0
TCK-1148,Validación QA,2025-11-24,2025-11-24,0.0
TCK-1149,Aprobación por Comité,2025-02-25,2025-02-25,0.0
TCK-1149,Cierre del Ticket,2025-11-18,2025-11-18,0.0
TCK-1149,Creación de Ticket,2025-02-14,2025-02-14,0.0
TCK-1149,Evaluación de Requerimiento,2025-02-15,2025-02-15,0.0
TCK-1149,Fin de Fase,2025-12-09,2025-12-09,0.0
TCK-1149,Ingreso a Backlog,2025-02-23,2025-02-23,0.0
TCK-1149,Inicio de Fase,2025-09-14,2025-09-14,0.0
TCK-1149,Resolución del Requerimiento,2025-11-18,2025-11-18,0.0
TCK-1149,Validación QA,2025-12-03,2025-12-03,0.0
TCK-1150,Aprobación por Comité,2025-02-25,2025-02-25,0.0
TCK-1150,Cierre del Ticket,2025-11-18,2025-11-18,0.0
TCK-1150,Creación de Ticket,2025-02-14,2025-02-14,0.0
TCK-1150,Evaluación de Requerimiento,2025-02-15,2025-02-15,0.0
TCK-1150,Fin de Fase,2025-12-07,2025-12-07,0.0
TCK-1150,Ingreso a Backlog,2025-02-23,2025-02-23,0.0
TCK-1150,Inicio de Fase,2025-10-28,2025-10-28,0.0
TCK-1150,Resolución del Requerimiento,2025-11-18,2025-11-18,0.0
TCK-1150,Validación QA,2025-11-27,2025-11-27,0.0
TCK-1151,Aprobación por Comité,2025-02-25,2025-02-25,0.0
TCK-1151,Cierre del Ticket,2025-11-18,2025-11-18,0.0
TCK-1151,Creación de Ticket,2025-02-14,2025-02-14,0.0
TCK-1151,Evaluación de Requerimiento,2025-02-15,2025-02-15,0.0
TCK-1151,Fin de Fase,2025-12-03,2025-12-03,0.0
TCK-1151,Ingreso a Backlog,2025-02-23,2025-02-23,0.0
TCK-1151,Inicio de Fase,2025-11-22,2025-11-22,0.0
TCK-1151,Resolución del Requerimiento,2025-11-18,2025-11-18,0.0
TCK-1151,Validación QA,2025-12-02,2025-12-02,0.0
TCK-1152,Aprobación por Comité,2025-02-25,2025-02-25,0.0
TCK-1152,Cierre del Ticket,2025-11-18,2025-11-18,0.0
TCK-1152,Creación de Ticket,2025-02-14,2025-02-14,0.0
TCK-1152,Evaluación de Requerimiento,2025-02-15,2025-02-15,0.0
TCK-1152,Fin de Fase,2025-12-10,2025-12-10,0.0
TCK-1152,Ingreso a Backlog,2025-02-23,2025-02-23,0.0
TCK-1152,Inicio de Fase,2025-12-02,2025-12-02,0.0
TCK-1152,Resolución del Requerimiento,2025-11-18,2025-11-18,0.0
TCK-1152,Validación QA,2025-12-01,2025-12-01,0.0
TCK-1153,Aprobación por Comité,2025-02-26,2025-02-26,0.0
TCK-1153,Cierre del Ticket,2025-11-19,2025-11-19,0.0
TCK-1153,Creación de Ticket,2025-02-15,2025-02-15,0.0
TCK-1153,Evaluación de Requerimiento,2025-02-16,2025-02-16,0.0
TCK-1153,Fin de Fase,2025-12-06,2025-12-06,0.0
TCK-1153,Ingreso a Backlog,2025-02-24,2025-02-24,0.0
TCK-1153,Inicio de Fase,2025-09-09,2025-09-09,0.0
TCK-1153,Resolución del Requerimiento,2025-11-19,2025-11-19,0.0
TCK-1153,Validación QA,2025-11-24,2025-11-24,0.0
TCK-1154,Aprobación por Comité,2025-02-26,2025-02-26,0.0
TCK-1154,Cierre del Ticket,2025-11-19,2025-11-19,0.0
TCK-1154,Creación de Ticket,2025-02-15,2025-02-15,0.0
TCK-1154,Evaluación de Requerimiento,2025-02-16,2025-02-16,0.0
TCK-1154,Fin de Fase,2025-12-11,2025-12-11,0.0
TCK-1154,Ingreso a Backlog,2025-02-24,2025-02-24,0.0
TCK-1154,Inicio de Fase,2025-09-23,2025-09-23,0.0
TCK-1154,Resolución del Requerimiento,2025-11-19,2025-11-19,0.0
TCK-1154,Validación QA,2025-11-29,2025-11-29,0.0
TCK-1155,Aprobación por Comité,2025-02-26,2025-02-26,0.0
TCK-1155,Cierre del Ticket,2025-11-19,2025-11-19,0.0
TCK-1155,Creación de Ticket,2025-02-15,2025-02-15,0.0
TCK-1155,Evaluación de Requerimiento,2025-02-16,2025-02-16,0.0
TCK-1155,Fin de Fase,2025-12-08,2025-12-08,0.0
TCK-1155,Ingreso a Backlog,2025-02-24,2025-02-24,0.0
TCK-1155,Inicio de Fase,2025-10-13,2025-10-13,0.0
TCK-1155,Resolución del Requerimiento,2025-11-19,2025-11-19,0.0
TCK-1155,Validación QA,2025-11-29,2025-11-29,0.0
TCK-1156,Aprobación por Comité,2025-02-27,2025-02-27,0.0
TCK-1156,Cierre del Ticket,2025-11-20,2025-11-20,0.0
TCK-1156,Creación de Ticket,2025-02-16,2025-02-16,0.0
TCK-1156,Evaluación de Requerimiento,2025-02-17,2025-02-17,0.0
TCK-1156,Fin de Fase,2025-12-03,2025-12-03,0.0
TCK-1156,Ingreso a Backlog,2025-02-25,2025-02-25,0.0
TCK-1156,Inicio de Fase,2025-10-16,2025-10-16,0.0
TCK-1156,Resolución del Requerimiento,2025-11-20,2025-11-20,0.0
TCK-1156,Validación QA,2025-11-23,2025-11-23,0.0
TCK-1157,Aprobación por Comité,2025-02-27,2025-02-27,0.0
TCK-1157,Cierre del Ticket,2025-11-20,2025-11-20,0.0
TCK-1157,Creación de Ticket,2025-02-16,2025-02-16,0.0
TCK-1157,Evaluación de Requerimiento,2025-02-17,2025-02-17,0.0
TCK-1157,Fin de Fase,2025-12-05,2025-12-05,0.0
TCK-1157,Ingreso a Backlog,2025-02-25,2025-02-25,0.0
TCK-1157,Inicio de Fase,2025-11-07,2025-11-07,0.0
TCK-1157,Resolución del Requerimiento,2025-11-20,2025-11-20,0.0
TCK-1157,Validación QA,2025-11-29,2025-11-29,0.0
TCK-1158,Aprobación por Comité,2025-02-27,2025-02-27,0.0
TCK-1158,Cierre del Ticket,2025-11-20,2025-11-20,0.0
TCK-1158,Creación de Ticket,2025-02-16,2025-02-16,0.0
TCK-1158,Evaluación de Requerimiento,2025-02-17,2025-02-17,0.0
TCK-1158,Fin de Fase,2025-12-07,2025-12-07,0.0
TCK-1158,Ingreso a Backlog,2025-02-25,2025-02-25,0.0
TCK-1158,Inicio de Fase,2025-09-06,2025-09-06,0.0
TCK-1158,Resolución del Requerimiento,2025-11-20,2025-11-20,0.0
TCK-1158,Validación QA,2025-11-26,2025-11-26,0.0
TCK-1159,Aprobación por Comité,2025-02-28,2025-02-28,0.0
TCK-1159,Cierre del Ticket,2025-11-21,2025-11-21,0.0
TCK-1159,Creación de Ticket,2025-02-17,2025-02-17,0.0
TCK-1159,Evaluación de Requerimiento,2025-02-18,2025-02-18,0.0
TCK-1159,Fin de Fase,2025-12-05,2025-12-05,0.0
TCK-1159,Ingreso a Backlog,2025-02-26,2025-02-26,0.0
TCK-1159,Inicio de Fase,2025-10-28,2025-10-28,0.0
TCK-1159,Resolución del Requerimiento,2025-11-21,2025-11-21,0.0
TCK-1159,Validación QA,2025-11-30,2025-11-30,0.0
TCK-1160,Aprobación por Comité,2025-02-28,2025-02-28,0.0
TCK-1160,Cierre del Ticket,2025-11-21,2025-11-21,0.0
TCK-1160,Creación de Ticket,2025-02-17,2025-02-17,0.0
TCK-1160,Evaluación de Requerimiento,2025-02-18,2025-02-18,0.0
TCK-1160,Fin de Fase,2025-12-07,2025-12-07,0.0
TCK-1160,Ingreso a Backlog,2025-02-26,2025-02-26,0.0
TCK-1160,Inicio de Fase,2025-10-25,2025-10-25,0.0
TCK-1160,Resolución del Requerimiento,2025-11-21,2025-11-21,0.0
TCK-1160,Validación QA,2025-11-29,2025-11-29,0.0
TCK-1161,Aprobación por Comité,2025-02-28,2025-02-28,0.0
TCK-1161,Cierre del Ticket,2025-11-21,2025-11-21,0.0
TCK-1161,Creación de Ticket,2025-02-17,2025-02-17,0.0
TCK-1161,Evaluación de Requerimiento,2025-02-18,2025-02-18,0.0
TCK-1161,Fin de Fase,2025-12-05,2025-12-05,0.0
TCK-1161,Ingreso a Backlog,2025-02-26,2025-02-26,0.0
TCK-1161,Inicio de Fase,2025-09-19,2025-09-19,0.0
TCK-1161,Resolución del Requerimiento,2025-11-21,2025-11-21,0.0
TCK-1161,Validación QA,2025-12-02,2025-12-02,0.0
TCK-1162,Aprobación por Comité,2025-02-28,2025-02-28,0.0
TCK-1162,Cierre del Ticket,2025-11-21,2025-11-21,0.0
TCK-1162,Creación de Ticket,2025-02-17,2025-02-17,0.0
TCK-1162,Evaluación de Requerimiento,2025-02-18,2025-02-18,0.0
TCK-1162,Fin de Fase,2025-12-11,2025-12-11,0.0
TCK-1162,Ingreso a Backlog,2025-02-26,2025-02-26,0.0
TCK-1162,Inicio de Fase,2025-10-28,2025-10-28,0.0
TCK-1162,Resolución del Requerimiento,2025-11-21,2025-11-21,0.0
TCK-1162,Validación QA,2025-12-02,2025-12-02,0.0
TCK-1163,Aprobación por Comité,2025-03-01,2025-03-01,0.0
TCK-1163,Cierre del Ticket,2025-11-22,2025-11-22,0.0
TCK-1163,Creación de Ticket,2025-02-18,2025-02-18,0.0
TCK-1163,Evaluación de Requerimiento,2025-02-19,2025-02-19,0.0
TCK-1163,Fin de Fase,2025-12-07,2025-12-07,0.0
TCK-1163,Ingreso a Backlog,2025-02-27,2025-02-27,0.0
TCK-1163,Inicio de Fase,2025-10-04,2025-10-04,0.0
TCK-1163,Resolución del Requerimiento,2025-11-22,2025-11-22,0.0
TCK-1163,Validación QA,2025-11-24,2025-11-24,0.0
TCK-1164,Aprobación por Comité,2025-03-01,2025-03-01,0.0
TCK-1164,Cierre del Ticket,2025-11-22,2025-11-22,0.0
TCK-1164,Creación de Ticket,2025-02-18,2025-02-18,0.0
TCK-1164,Evaluación de Requerimiento,2025-02-19,2025-02-19,0.0
TCK-1164,Fin de Fase,2025-12-09,2025-12-09,0.0
TCK-1164,Ingreso a Backlog,2025-02-27,2025-02-27,0.0
TCK-1164,Inicio de Fase,2025-10-24,2025-10-24,0.0
TCK-1164,Resolución del Requerimiento,2025-11-22,2025-11-22,0.0
TCK-1164,Validación QA,2025-11-28,2025-11-28,0.0
TCK-1165,Aprobación por Comité,2025-03-01,2025-03-01,0.0
TCK-1165,Cierre del Ticket,2025-11-22,2025-11-22,0.0
TCK-1165,Creación de Ticket,2025-02-18,2025-02-18,0.0
TCK-1165,Evaluación de Requerimiento,2025-02-19,2025-02-19,0.0
TCK-1165,Fin de Fase,2025-12-06,2025-12-06,0.0
TCK-1165,Ingreso a Backlog,2025-02-27,2025-02-27,0.0
TCK-1165,Inicio de Fase,2025-11-18,2025-11-18,0.0
TCK-1165,Resolución del Requerimiento,2025-11-22,2025-11-22,0.0
TCK-1165,Validación QA,2025-12-02,2025-12-02,0.0
TCK-1166,Aprobación por Comité,2025-03-02,2025-03-02,0.0
TCK-1166,Cierre del Ticket,2025-11-23,2025-11-23,0.0
TCK-1166,Creación de Ticket,2025-02-19,2025-02-19,0.0
TCK-1166,Evaluación de Requerimiento,2025-02-20,2025-02-20,0.0
TCK-1166,Fin de Fase,2025-12-11,2025-12-11,0.0
TCK-1166,Ingreso a Backlog,2025-02-28,2025-02-28,0.0
TCK-1166,Inicio de Fase,2025-10-26,2025-10-26,0.0
TCK-1166,Resolución del Requerimiento,2025-11-23,2025-11-23,0.0
TCK-1166,Validación QA,2025-11-23,2025-11-23,0.0
TCK-1167,Aprobación por Comité,2025-03-02,2025-03-02,0.0
TCK-1167,Cierre del Ticket,2025-11-23,2025-11-23,0.0
TCK-1167,Creación de Ticket,2025-02-19,2025-02-19,0.0
TCK-1167,Evaluación de Requerimiento,2025-02-20,2025-02-20,0.0
TCK-1167,Fin de Fase,2025-12-13,2025-12-13,0.0
TCK-1167,Ingreso a Backlog,2025-02-28,2025-02-28,0.0
TCK-1167,Inicio de Fase,2025-11-09,2025-11-09,0.0
TCK-1167,Resolución del Requerimiento,2025-11-23,2025-11-23,0.0
TCK-1167,Validación QA,2025-12-03,2025-12-03,0.0
TCK-1168,Aprobación por Comité,2025-03-02,2025-03-02,0.0
TCK-1168,Cierre del Ticket,2025-11-23,2025-11-23,0.0
TCK-1168,Creación de Ticket,2025-02-19,2025-02-19,0.0
TCK-1168,Evaluación de Requerimiento,2025-02-20,2025-02-20,0.0
TCK-1168,Fin de Fase,2025-12-07,2025-12-07,0.0
TCK-1168,Ingreso a Backlog,2025-02-28,2025-02-28,0.0
TCK-1168,Inicio de Fase,2025-11-09,2025-11-09,0.0
TCK-1168,Resolución del Requerimiento,2025-11-23,2025-11-23,0.0
TCK-1168,Validación QA,2025-12-01,2025-12-01,0.0
TCK-1169,Aprobación por Comité,2025-03-03,2025-03-03,0.0
TCK-1169,Cierre del Ticket,2025-11-24,2025-11-24,0.0
TCK-1169,Creación de Ticket,2025-02-20,2025-02-20,0.0
TCK-1169,Evaluación de Requerimiento,2025-02-21,2025-02-21,0.0
TCK-1169,Fin de Fase,2025-12-09,2025-12-09,0.0
TCK-1169,Ingreso a Backlog,2025-03-01,2025-03-01,0.0
TCK-1169,Inicio de Fase,2025-09-19,2025-09-19,0.0
TCK-1169,Resolución del Requerimiento,2025-11-24,2025-11-24,0.0
TCK-1169,Validación QA,2025-12-02,2025-12-02,0.0
TCK-1170,Aprobación por Comité,2025-03-03,2025-03-03,0.0
TCK-1170,Cierre del Ticket,2025-11-24,2025-11-24,0.0
TCK-1170,Creación de Ticket,2025-02-20,2025-02-20,0.0
TCK-1170,Evaluación de Requerimiento,2025-02-21,2025-02-21,0.0
TCK-1170,Fin de Fase,2025-12-07,2025-12-07,0.0
TCK-1170,Ingreso a Backlog,2025-03-01,2025-03-01,0.0
TCK-1170,Inicio de Fase,2025-09-10,2025-09-10,0.0
TCK-1170,Resolución del Requerimiento,2025-11-24,2025-11-24,0.0
TCK-1170,Validación QA,2025-11-25,2025-11-25,0.0
TCK-1171,Aprobación por Comité,2025-03-03,2025-03-03,0.0
TCK-1171,Cierre del Ticket,2025-11-24,2025-11-24,0.0
TCK-1171,Creación de Ticket,2025-02-20,2025-02-20,0.0
TCK-1171,Evaluación de Requerimiento,2025-02-21,2025-02-21,0.0
TCK-1171,Fin de Fase,2025-12-09,2025-12-09,0.0
TCK-1171,Ingreso a Backlog,2025-03-01,2025-03-01,0.0
TCK-1171,Inicio de Fase,2025-10-15,2025-10-15,0.0
TCK-1171,Resolución del Requerimiento,2025-11-24,2025-11-24,0.0
TCK-1171,Validación QA,2025-12-02,2025-12-02,0.0
TCK-1172,Aprobación por Comité,2025-03-03,2025-03-03,0.0
TCK-1172,Cierre del Ticket,2025-11-24,2025-11-24,0.0
TCK-1172,Creación de Ticket,2025-02-20,2025-02-20,0.0
TCK-1172,Evaluación de Requerimiento,2025-02-21,2025-02-21,0.0
TCK-1172,Fin de Fase,2025-12-08,2025-12-08,0.0
TCK-1172,Ingreso a Backlog,2025-03-01,2025-03-01,0.0
TCK-1172,Inicio de Fase,2025-10-30,2025-10-30,0.0
TCK-1172,Resolución del Requerimiento,2025-11-24,2025-11-24,0.0
TCK-1172,Validación QA,2025-11-25,2025-11-25,0.0
TCK-1173,Aprobación por Comité,2025-03-04,2025-03-04,0.0
TCK-1173,Cierre del Ticket,2025-11-25,2025-11-25,0.0
TCK-1173,Creación de Ticket,2025-02-21,2025-02-21,0.0
TCK-1173,Evaluación de Requerimiento,2025-02-22,2025-02-22,0.0
TCK-1173,Fin de Fase,2025-12-06,2025-12-06,0.0
TCK-1173,Ingreso a Backlog,2025-03-02,2025-03-02,0.0
TCK-1173,Inicio de Fase,2025-10-06,2025-10-06,0.0
TCK-1173,Resolución del Requerimiento,2025-11-25,2025-11-25,0.0
TCK-1173,Validación QA,2025-11-28,2025-11-28,0.0
TCK-1174,Aprobación por Comité,2025-03-04,2025-03-04,0.0
TCK-1174,Cierre del Ticket,2025-11-25,2025-11-25,0.0
TCK-1174,Creación de Ticket,2025-02-21,2025-02-21,0.0
TCK-1174,Evaluación de Requerimiento,2025-02-22,2025-02-22,0.0
TCK-1174,Fin de Fase,2025-12-13,2025-12-13,0.0
TCK-1174,Ingreso a Backlog,2025-03-02,2025-03-02,0.0
TCK-1174,Inicio de Fase,2025-10-24,2025-10-24,0.0
TCK-1174,Resolución del Requerimiento,2025-11-25,2025-11-25,0.0
TCK-1174,Validación QA,2025-11-29,2025-11-29,0.0
TCK-1175,Aprobación por Comité,2025-03-04,2025-03-04,0.0
TCK-1175,Cierre del Ticket,2025-11-25,2025-11-25,0.0
TCK-1175,Creación de Ticket,2025-02-21,2025-02-21,0.0
TCK-1175,Evaluación de Requerimiento,2025-02-22,2025-02-22,0.0
TCK-1175,Fin de Fase,2025-12-04,2025-12-04,0.0
TCK-1175,Ingreso a Backlog,2025-03-02,2025-03-02,0.0
TCK-1175,Inicio de Fase,2025-09-06,2025-09-06,0.0
TCK-1175,Resolución del Requerimiento,2025-11-25,2025-11-25,0.0
TCK-1175,Validación QA,2025-11-24,2025-11-24,0.0
TCK-1176,Aprobación por Comité,2025-03-05,2025-03-05,0.0
TCK-1176,Cierre del Ticket,2025-11-26,2025-11-26,0.0
TCK-1176,Creación de Ticket,2025-02-22,2025-02-22,0.0
TCK-1176,Evaluación de Requerimiento,2025-02-23,2025-02-23,0.0
TCK-1176,Fin de Fase,2025-12-09,2025-12-09,0.0
TCK-1176,Ingreso a Backlog,2025-03-03,2025-03-03,0.0
TCK-1176,Inicio de Fase,2025-10-01,2025-10-01,0.0
TCK-1176,Resolución del Requerimiento,2025-11-26,2025-11-26,0.0
TCK-1176,Validación QA,2025-12-01,2025-12-01,0.0
TCK-1177,Aprobación por Comité,2025-03-05,2025-03-05,0.0
TCK-1177,Cierre del Ticket,2025-11-26,2025-11-26,0.0
TCK-1177,Creación de Ticket,2025-02-22,2025-02-22,0.0
TCK-1177,Evaluación de Requerimiento,2025-02-23,2025-02-23,0.0
TCK-1177,Fin de Fase,2025-12-06,2025-12-06,0.0
TCK-1177,Ingreso a Backlog,2025-03-03,2025-03-03,0.0
TCK-1177,Inicio de Fase,2025-10-31,2025-10-31,0.0
TCK-1177,Resolución del Requerimiento,2025-11-26,2025-11-26,0.0
TCK-1177,Validación QA,2025-11-26,2025-11-26,0.0
TCK-1178,Aprobación por Comité,2025-03-05,2025-03-05,0.0
TCK-1178,Cierre del Ticket,2025-11-26,2025-11-26,0.0
TCK-1178,Creación de Ticket,2025-02-22,2025-02-22,0.0
TCK-1178,Evaluación de Requerimiento,2025-02-23,2025-02-23,0.0
TCK-1178,Fin de Fase,2025-12-11,2025-12-11,0.0
TCK-1178,Ingreso a Backlog,2025-03-03,2025-03-03,0.0
TCK-1178,Inicio de Fase,2025-11-22,2025-11-22,0.0
TCK-1178,Resolución del Requerimiento,2025-11-26,2025-11-26,0.0
TCK-1178,Validación QA,2025-11-25,2025-11-25,0.0
TCK-1179,Aprobación por Comité,2025-03-05,2025-03-05,0.0
TCK-1179,Cierre del Ticket,2025-11-26,2025-11-26,0.0
TCK-1179,Creación de Ticket,2025-02-22,2025-02-22,0.0
TCK-1179,Evaluación de Requerimiento,2025-02-23,2025-02-23,0.0
TCK-1179,Fin de Fase,2025-12-08,2025-12-08,0.0
TCK-1179,Ingreso a Backlog,2025-03-03,2025-03-03,0.0
TCK-1179,Inicio de Fase,2025-10-07,2025-10-07,0.0
TCK-1179,Resolución del Requerimiento,2025-11-26,2025-11-26,0.0
TCK-1179,Validación QA,2025-11-28,2025-11-28,0.0
TCK-1180,Aprobación por Comité,2025-03-06,2025-03-06,0.0
TCK-1180,Cierre del Ticket,2025-11-27,2025-11-27,0.0
TCK-1180,Creación de Ticket,2025-02-23,2025-02-23,0.0
TCK-1180,Evaluación de Requerimiento,2025-02-24,2025-02-24,0.0
TCK-1180,Fin de Fase,2025-12-11,2025-12-11,0.0
TCK-1180,Ingreso a Backlog,2025-03-04,2025-03-04,0.0
TCK-1180,Inicio de Fase,2025-11-12,2025-11-12,0.0
TCK-1180,Resolución del Requerimiento,2025-11-27,2025-11-27,0.0
TCK-1180,Validación QA,2025-11-30,2025-11-30,0.0
TCK-1181,Aprobación por Comité,2025-03-06,2025-03-06,0.0
TCK-1181,Cierre del Ticket,2025-11-27,2025-11-27,0.0
TCK-1181,Creación de Ticket,2025-02-23,2025-02-23,0.0
TCK-1181,Evaluación de Requerimiento,2025-02-24,2025-02-24,0.0
TCK-1181,Fin de Fase,2025-12-04,2025-12-04,0.0
TCK-1181,Ingreso a Backlog,2025-03-04,2025-03-04,0.0
TCK-1181,Inicio de Fase,2025-11-30,2025-11-30,0.0
TCK-1181,Resolución del Requerimiento,2025-11-27,2025-11-27,0.0
TCK-1181,Validación QA,2025-12-03,2025-12-03,0.0
TCK-1182,Aprobación por Comité,2025-03-06,2025-03-06,0.0
TCK-1182,Cierre del Ticket,2025-11-27,2025-11-27,0.0
TCK-1182,Creación de Ticket,2025-02-23,2025-02-23,0.0
TCK-1182,Evaluación de Requerimiento,2025-02-24,2025-02-24,0.0
TCK-1182,Fin de Fase,2025-12-13,2025-12-13,0.0
TCK-1182,Ingreso a Backlog,2025-03-04,2025-03-04,0.0
TCK-1182,Inicio de Fase,2025-10-14,2025-10-14,0.0
TCK-1182,Resolución del Requerimiento,2025-11-27,2025-11-27,0.0
TCK-1182,Validación QA,2025-11-27,2025-11-27,0.0
TCK-1183,Aprobación por Comité,2025-03-07,2025-03-07,0.0
TCK-1183,Cierre del Ticket,2025-11-28,2025-11-28,0.0
TCK-1183,Creación de Ticket,2025-02-24,2025-02-24,0.0
TCK-1183,Evaluación de Requerimiento,2025-02-25,2025-02-25,0.0
TCK-1183,Fin de Fase,2025-12-09,2025-12-09,0.0
TCK-1183,Ingreso a Backlog,2025-03-05,2025-03-05,0.0
TCK-1183,Inicio de Fase,2025-09-19,2025-09-19,0.0
TCK-1183,Resolución del Requerimiento,2025-11-28,2025-11-28,0.0
TCK-1183,Validación QA,2025-11-28,2025-11-28,0.0
TCK-1184,Aprobación por Comité,2025-03-07,2025-03-07,0.0
TCK-1184,Cierre del Ticket,2025-11-28,2025-11-28,0.0
TCK-1184,Creación de Ticket,2025-02-24,2025-02-24,0.0
TCK-1184,Evaluación de Requerimiento,2025-02-25,2025-02-25,0.0
TCK-1184,Fin de Fase,2025-12-07,2025-12-07,0.0
TCK-1184,Ingreso a Backlog,2025-03-05,2025-03-05,0.0
TCK-1184,Inicio de Fase,2025-10-23,2025-10-23,0.0
TCK-1184,Resolución del Requerimiento,2025-11-28,2025-11-28,0.0
TCK-1184,Validación QA,2025-11-24,2025-11-24,0.0
TCK-1185,Aprobación por Comité,2025-03-07,2025-03-07,0.0
TCK-1185,Cierre del Ticket,2025-11-28,2025-11-28,0.0
TCK-1185,Creación de Ticket,2025-02-24,2025-02-24,0.0
TCK-1185,Evaluación de Requerimiento,2025-02-25,2025-02-25,0.0
TCK-1185,Fin de Fase,2025-12-10,2025-12-10,0.0
TCK-1185,Ingreso a Backlog,2025-03-05,2025-03-05,0.0
TCK-1185,Inicio de Fase,2025-10-05,2025-10-05,0.0
TCK-1185,Resolución del Requerimiento,2025-11-28,2025-11-28,0.0
TCK-1185,Validación QA,2025-11-27,2025-11-27,0.0
TCK-1186,Aprobación por Comité,2025-03-08,2025-03-08,0.0
TCK-1186,Cierre del Ticket,2025-11-29,2025-11-29,0.0
TCK-1186,Creación de Ticket,2025-02-25,2025-02-25,0.0
TCK-1186,Evaluación de Requerimiento,2025-02-26,2025-02-26,0.0
TCK-1186,Fin de Fase,2025-12-08,2025-12-08,0.0
TCK-1186,Ingreso a Backlog,2025-03-06,2025-03-06,0.0
TCK-1186,Inicio de Fase,2025-10-15,2025-10-15,0.0
TCK-1186,Resolución del Requerimiento,2025-11-29,2025-11-29,0.0
TCK-1186,Validación QA,2025-12-03,2025-12-03,0.0
TCK-1187,Aprobación por Comité,2025-03-08,2025-03-08,0.0
TCK-1187,Cierre del Ticket,2025-11-29,2025-11-29,0.0
TCK-1187,Creación de Ticket,2025-02-25,2025-02-25,0.0
TCK-1187,Evaluación de Requerimiento,2025-02-26,2025-02-26,0.0
TCK-1187,Fin de Fase,2025-12-09,2025-12-09,0.0
TCK-1187,Ingreso a Backlog,2025-03-06,2025-03-06,0.0
TCK-1187,Inicio de Fase,2025-09-15,2025-09-15,0.0
TCK-1187,Resolución del Requerimiento,2025-11-29,2025-11-29,0.0
TCK-1187,Validación QA,2025-11-29,2025-11-29,0.0
TCK-1188,Aprobación por Comité,2025-03-08,2025-03-08,0.0
TCK-1188,Cierre del Ticket,2025-11-29,2025-11-29,0.0
TCK-1188,Creación de Ticket,2025-02-25,2025-02-25,0.0
TCK-1188,Evaluación de Requerimiento,2025-02-26,2025-02-26,0.0
TCK-1188,Fin de Fase,2025-12-06,2025-12-06,0.0
TCK-1188,Ingreso a Backlog,2025-03-06,2025-03-06,0.0
TCK-1188,Inicio de Fase,2025-12-01,2025-12-01,0.0
TCK-1188,Resolución del Requerimiento,2025-11-29,2025-11-29,0.0
TCK-1188,Validación QA,2025-12-02,2025-12-02,0.0
TCK-1189,Aprobación por Comité,2025-03-08,2025-03-08,0.0
TCK-1189,Cierre del Ticket,2025-11-29,2025-11-29,0.0
TCK-1189,Creación de Ticket,2025-02-25,2025-02-25,0.0
TCK-1189,Evaluación de Requerimiento,2025-02-26,2025-02-26,0.0
TCK-1189,Fin de Fase,2025-12-07,2025-12-07,0.0
TCK-1189,Ingreso a Backlog,2025-03-06,2025-03-06,0.0
TCK-1189,Inicio de Fase,2025-10-20,2025-10-20,0.0
TCK-1189,Resolución del Requerimiento,2025-11-29,2025-11-29,0.0
TCK-1189,Validación QA,2025-11-29,2025-11-29,0.0
TCK-1190,Aprobación por Comité,2025-03-09,2025-03-09,0.0
TCK-1190,Cierre del Ticket,2025-11-30,2025-11-30,0.0
TCK-1190,Creación de Ticket,2025-02-26,2025-02-26,0.0
TCK-1190,Evaluación de Requerimiento,2025-02-27,2025-02-27,0.0
TCK-1190,Fin de Fase,2025-12-11,2025-12-11,0.0
TCK-1190,Ingreso a Backlog,2025-03-07,2025-03-07,0.0
TCK-1190,Inicio de Fase,2025-09-22,2025-09-22,0.0
TCK-1190,Resolución del Requerimiento,2025-11-30,2025-11-30,0.0
TCK-1190,Validación QA,2025-11-29,2025-11-29,0.0
TCK-1191,Aprobación por Comité,2025-03-09,2025-03-09,0.0
TCK-1191,Cierre del Ticket,2025-11-30,2025-11-30,0.0
TCK-1191,Creación de Ticket,2025-02-26,2025-02-26,0.0
TCK-1191,Evaluación de Requerimiento,2025-02-27,2025-02-27,0.0
TCK-1191,Fin de Fase,2025-12-04,2025-12-04,0.0
TCK-1191,Ingreso a Backlog,2025-03-07,2025-03-07,0.0
TCK-1191,Inicio de Fase,2025-09-11,2025-09-11,0.0
TCK-1191,Resolución del Requerimiento,2025-11-30,2025-11-30,0.0
TCK-1191,Validación QA,2025-11-28,2025-11-28,0.0
TCK-1192,Aprobación por Comité,2025-03-09,2025-03-09,0.0
TCK-1192,Cierre del Ticket,2025-11-30,2025-11-30,0.0
TCK-1192,Creación de Ticket,2025-02-26,2025-02-26,0.0
TCK-1192,Evaluación de Requerimiento,2025-02-27,2025-02-27,0.0
TCK-1192,Fin de Fase,2025-12-09,2025-12-09,0.0
TCK-1192,Ingreso a Backlog,2025-03-07,2025-03-07,0.0
TCK-1192,Inicio de Fase,2025-11-22,2025-11-22,0.0
TCK-1192,Resolución del Requerimiento,2025-11-30,2025-11-30,0.0
TCK-1192,Validación QA,2025-11-26,2025-11-26,0.0
TCK-1193,Aprobación por Comité,2025-03-10,2025-03-10,0.0
TCK-1193,Cierre del Ticket,2025-12-01,2025-12-01,0.0
TCK-1193,Creación de Ticket,2025-02-27,2025-02-27,0.0
TCK-1193,Evaluación de Requerimiento,2025-02-28,2025-02-28,0.0
TCK-1193,Fin de Fase,2025-12-13,2025-12-13,0.0
TCK-1193,Ingreso a Backlog,2025-03-08,2025-03-08,0.0
TCK-1193,Inicio de Fase,2025-11-19,2025-11-19,0.0
TCK-1193,Resolución del Requerimiento,2025-12-01,2025-12-01,0.0
TCK-1193,Validación QA,2025-11-23,2025-11-23,0.0
TCK-1194,Aprobación por Comité,2025-03-10,2025-03-10,0.0
TCK-1194,Cierre del Ticket,2025-12-01,2025-12-01,0.0
TCK-1194,Creación de Ticket,2025-02-27,2025-02-27,0.0
TCK-1194,Evaluación de Requerimiento,2025-02-28,2025-02-28,0.0
TCK-1194,Fin de Fase,2025-12-07,2025-12-07,0.0
TCK-1194,Ingreso a Backlog,2025-03-08,2025-03-08,0.0
TCK-1194,Inicio de Fase,2025-09-26,2025-09-26,0.0
TCK-1194,Resolución del Requerimiento,2025-12-01,2025-12-01,0.0
TCK-1194,Validación QA,2025-11-23,2025-11-23,0.0
TCK-1195,Aprobación por Comité,2025-03-10,2025-03-10,0.0
TCK-1195,Cierre del Ticket,2025-12-01,2025-12-01,0.0
TCK-1195,Creación de Ticket,2025-02-27,2025-02-27,0.0
TCK-1195,Evaluación de Requerimiento,2025-02-28,2025-02-28,0.0
TCK-1195,Fin de Fase,2025-12-07,2025-12-07,0.0
TCK-1195,Ingreso a Backlog,2025-03-08,2025-03-08,0.0
TCK-1195,Inicio de Fase,2025-11-03,2025-11-03,0.0
TCK-1195,Resolución del Requerimiento,2025-12-01,2025-12-01,0.0
TCK-1195,Validación QA,2025-11-30,2025-11-30,0.0
TCK-1196,Aprobación por Comité,2025-03-11,2025-03-11,0.0
TCK-1196,Cierre del Ticket,2025-12-02,2025-12-02,0.0
TCK-1196,Creación de Ticket,2025-02-28,2025-02-28,0.0
TCK-1196,Evaluación de Requerimiento,2025-03-01,2025-03-01,0.0
TCK-1196,Fin de Fase,2025-12-08,2025-12-08,0.0
TCK-1196,Ingreso a Backlog,2025-03-09,2025-03-09,0.0
TCK-1196,Inicio de Fase,2025-10-23,2025-10-23,0.0
TCK-1196,Resolución del Requerimiento,2025-12-02,2025-12-02,0.0
TCK-1196,Validación QA,2025-11-26,2025-11-26,0.0
TCK-1197,Aprobación por Comité,2025-03-11,2025-03-11,0.0
TCK-1197,Cierre del Ticket,2025-12-02,2025-12-02,0.0
TCK-1197,Creación de Ticket,2025-02-28,2025-02-28,0.0
TCK-1197,Evaluación de Requerimiento,2025-03-01,2025-03-01,0.0
TCK-1197,Fin de Fase,2025-12-09,2025-12-09,0.0
TCK-1197,Ingreso a Backlog,2025-03-09,2025-03-09,0.0
TCK-1197,Inicio de Fase,2025-09-24,2025-09-24,0.0
TCK-1197,Resolución del Requerimiento,2025-12-02,2025-12-02,0.0
TCK-1197,Validación QA,2025-11-29,2025-11-29,0.0
TCK-1198,Aprobación por Comité,2025-03-11,2025-03-11,0.0
TCK-1198,Cierre del Ticket,2025-12-02,2025-12-02,0.0
TCK-1198,Creación de Ticket,2025-02-28,2025-02-28,0.0
TCK-1198,Evaluación de Requerimiento,2025-03-01,2025-03-01,0.0
TCK-1198,Fin de Fase,2025-12-13,2025-12-13,0.0
TCK-1198,Ingreso a Backlog,2025-03-09,2025-03-09,0.0
TCK-1198,Inicio de Fase,2025-11-01,2025-11-01,0.0
TCK-1198,Resolución del Requerimiento,2025-12-02,2025-12-02,0.0
TCK-1198,Validación QA,2025-12-02,2025-12-02,0.0
TCK-1199,Aprobación por Comité,2025-03-11,2025-03-11,0.0
TCK-1199,Cierre del Ticket,2025-12-02,2025-12-02,0.0
TCK-1199,Creación de Ticket,2025-02-28,2025-02-28,0.0
TCK-1199,Evaluación de Requerimiento,2025-03-01,2025-03-01,0.0
TCK-1199,Fin de Fase,2025-12-09,2025-12-09,0.0
TCK-1199,Ingreso a Backlog,2025-03-09,2025-03-09,0.0
TCK-1199,Inicio de Fase,2025-09-23,2025-09-23,0.0
TCK-1199,Resolución del Requerimiento,2025-12-02,2025-12-02,0.0
TCK-1199,Validación QA,2025-11-30,2025-11-30,0.0
TCK-1200,Aprobación por Comité,2025-03-12,2025-03-12,0.0
TCK-1200,Cierre del Ticket,2025-12-03,2025-12-03,0.0
TCK-1200,Creación de Ticket,2025-03-01,2025-03-01,0.0
TCK-1200,Evaluación de Requerimiento,2025-03-02,2025-03-02,0.0
TCK-1200,Fin de Fase,2025-12-13,2025-12-13,0.0
TCK-1200,Ingreso a Backlog,2025-03-10,2025-03-10,0.0
TCK-1200,Inicio de Fase,2025-10-30,2025-10-30,0.0
TCK-1200,Resolución del Requerimiento,2025-12-03,2025-12-03,0.0
TCK-1200,Validación QA,2025-11-24,2025-11-24,0.0
TCK-1201,Aprobación por Comité,2025-03-12,2025-03-12,0.0
TCK-1201,Cierre del Ticket,2025-12-03,2025-12-03,0.0
TCK-1201,Creación de Ticket,2025-03-01,2025-03-01,0.0
TCK-1201,Evaluación de Requerimiento,2025-03-02,2025-03-02,0.0
TCK-1201,Fin de Fase,2025-12-13,2025-12-13,0.0
TCK-1201,Ingreso a Backlog,2025-03-10,2025-03-10,0.0
TCK-1201,Inicio de Fase,2025-11-20,2025-11-20,0.0
TCK-1201,Resolución del Requerimiento,2025-12-03,2025-12-03,0.0
TCK-1201,Validación QA,2025-11-27,2025-11-27,0.0
TCK-1202,Aprobación por Comité,2025-03-12,2025-03-12,0.0
TCK-1202,Cierre del Ticket,2025-12-03,2025-12-03,0.0
TCK-1202,Creación de Ticket,2025-03-01,2025-03-01,0.0
TCK-1202,Evaluación de Requerimiento,2025-03-02,2025-03-02,0.0
TCK-1202,Fin de Fase,2025-12-07,2025-12-07,0.0
TCK-1202,Ingreso a Backlog,2025-03-10,2025-03-10,0.0
TCK-1202,Inicio de Fase,2025-09-21,2025-09-21,0.0
TCK-1202,Resolución del Requerimiento,2025-12-03,2025-12-03,0.0
TCK-1202,Validación QA,2025-11-29,2025-11-29,0.0
TCK-1203,Aprobación por Comité,2025-03-13,2025-03-13,0.0
TCK-1203,Cierre del Ticket,2025-12-04,2025-12-04,0.0
TCK-1203,Creación de Ticket,2025-03-02,2025-03-02,0.0
TCK-1203,Evaluación de Requerimiento,2025-03-03,2025-03-03,0.0
TCK-1203,Fin de Fase,2025-12-12,2025-12-12,0.0
TCK-1203,Ingreso a Backlog,2025-03-11,2025-03-11,0.0
TCK-1203,Inicio de Fase,2025-10-16,2025-10-16,0.0
TCK-1203,Resolución del Requerimiento,2025-12-04,2025-12-04,0.0
TCK-1203,Validación QA,2025-11-30,2025-11-30,0.0
TCK-1204,Aprobación por Comité,2025-03-13,2025-03-13,0.0
TCK-1204,Cierre del Ticket,2025-12-04,2025-12-04,0.0
TCK-1204,Creación de Ticket,2025-03-02,2025-03-02,0.0
TCK-1204,Evaluación de Requerimiento,2025-03-03,2025-03-03,0.0
TCK-1204,Fin de Fase,2025-12-09,2025-12-09,0.0
TCK-1204,Ingreso a Backlog,2025-03-11,2025-03-11,0.0
TCK-1204,Inicio de Fase,2025-10-27,2025-10-27,0.0
TCK-1204,Resolución del Requerimiento,2025-12-04,2025-12-04,0.0
TCK-1204,Validación QA,2025-11-25,2025-11-25,0.0
TCK-1205,Aprobación por Comité,2025-03-13,2025-03-13,0.0
TCK-1205,Cierre del Ticket,2025-12-04,2025-12-04,0.0
TCK-1205,Creación de Ticket,2025-03-02,2025-03-02,0.0
TCK-1205,Evaluación de Requerimiento,2025-03-03,2025-03-03,0.0
TCK-1205,Fin de Fase,2025-12-07,2025-12-07,0.0
TCK-1205,Ingreso a Backlog,2025-03-11,2025-03-11,0.0
TCK-1205,Inicio de Fase,2025-11-08,2025-11-08,0.0
TCK-1205,Resolución del Requerimiento,2025-12-04,2025-12-04,0.0
TCK-1205,Validación QA,2025-12-02,2025-12-02,0.0
TCK-1206,Aprobación por Comité,2025-03-14,2025-03-14,0.0
TCK-1206,Cierre del Ticket,2025-12-05,2025-12-05,0.0
TCK-1206,Creación de Ticket,2025-03-03,2025-03-03,0.0
TCK-1206,Evaluación de Requerimiento,2025-03-04,2025-03-04,0.0
TCK-1206,Fin de Fase,2025-12-03,2025-12-03,0.0
TCK-1206,Ingreso a Backlog,2025-03-12,2025-03-12,0.0
TCK-1206,Inicio de Fase,2025-10-11,2025-10-11,0.0
TCK-1206,Resolución del Requerimiento,2025-12-05,2025-12-05,0.0
TCK-1206,Validación QA,2025-11-24,2025-11-24,0.0
TCK-1207,Aprobación por Comité,2025-03-14,2025-03-14,0.0
TCK-1207,Cierre del Ticket,2025-12-05,2025-12-05,0.0
TCK-1207,Creación de Ticket,2025-03-03,2025-03-03,0.0
TCK-1207,Evaluación de Requerimiento,2025-03-04,2025-03-04,0.0
TCK-1207,Fin de Fase,2025-12-05,2025-12-05,0.0
TCK-1207,Ingreso a Backlog,2025-03-12,2025-03-12,0.0
TCK-1207,Inicio de Fase,2025-11-19,2025-11-19,0.0
TCK-1207,Resolución del Requerimiento,2025-12-05,2025-12-05,0.0
TCK-1207,Validación QA,2025-11-29,2025-11-29,0.0
TCK-1208,Aprobación por Comité,2025-03-14,2025-03-14,0.0
TCK-1208,Cierre del Ticket,2025-12-05,2025-12-05,0.0
TCK-1208,Creación de Ticket,2025-03-03,2025-03-03,0.0
TCK-1208,Evaluación de Requerimiento,2025-03-04,2025-03-04,0.0
TCK-1208,Fin de Fase,2025-12-10,2025-12-10,0.0
TCK-1208,Ingreso a Backlog,2025-03-12,2025-03-12,0.0
TCK-1208,Inicio de Fase,2025-11-15,2025-11-15,0.0
TCK-1208,Resolución del Requerimiento,2025-12-05,2025-12-05,0.0
TCK-1208,Validación QA,2025-11-23,2025-11-23,0.0
TCK-1209,Aprobación por Comité,2025-03-14,2025-03-14,0.0
TCK-1209,Cierre del Ticket,2025-12-05,2025-12-05,0.0
TCK-1209,Creación de Ticket,2025-03-03,2025-03-03,0.0
TCK-1209,Evaluación de Requerimiento,2025-03-04,2025-03-04,0.0
TCK-1209,Fin de Fase,2025-12-04,2025-12-04,0.0
TCK-1209,Ingreso a Backlog,2025-03-12,2025-03-12,0.0
TCK-1209,Inicio de Fase,2025-09-22,2025-09-22,0.0
TCK-1209,Resolución del Requerimiento,2025-12-05,2025-12-05,0.0
TCK-1209,Validación QA,2025-11-27,2025-11-27,0.0
TCK-1210,Aprobación por Comité,2025-03-15,2025-03-15,0.0
TCK-1210,Cierre del Ticket,2025-12-06,2025-12-06,0.0
TCK-1210,Creación de Ticket,2025-03-04,2025-03-04,0.0
TCK-1210,Evaluación de Requerimiento,2025-03-05,2025-03-05,0.0
TCK-1210,Fin de Fase,2025-12-11,2025-12-11,0.0
TCK-1210,Ingreso a Backlog,2025-03-13,2025-03-13,0.0
TCK-1210,Inicio de Fase,2025-09-05,2025-09-05,0.0
TCK-1210,Resolución del Requerimiento,2025-12-06,2025-12-06,0.0
TCK-1210,Validación QA,2025-11-28,2025-11-28,0.0
TCK-1211,Aprobación por Comité,2025-03-15,2025-03-15,0.0
TCK-1211,Cierre del Ticket,2025-12-06,2025-12-06,0.0
TCK-1211,Creación de Ticket,2025-03-04,2025-03-04,0.0
TCK-1211,Evaluación de Requerimiento,2025-03-05,2025-03-05,0.0
TCK-1211,Fin de Fase,2025-12-08,2025-12-08,0.0
TCK-1211,Ingreso a Backlog,2025-03-13,2025-03-13,0.0
TCK-1211,Inicio de Fase,2025-11-29,2025-11-29,0.0
TCK-1211,Resolución del Requerimiento,2025-12-06,2025-12-06,0.0
TCK-1211,Validación QA,2025-11-28,2025-11-28,0.0
TCK-1212,Aprobación por Comité,2025-03-15,2025-03-15,0.0
TCK-1212,Cierre del Ticket,2025-12-06,2025-12-06,0.0
TCK-1212,Creación de Ticket,2025-03-04,2025-03-04,0.0
TCK-1212,Evaluación de Requerimiento,2025-03-05,2025-03-05,0.0
TCK-1212,Fin de Fase,2025-12-11,2025-12-11,0.0
TCK-1212,Ingreso a Backlog,2025-03-13,2025-03-13,0.0
TCK-1212,Inicio de Fase,2025-09-08,2025-09-08,0.0
TCK-1212,Resolución del Requerimiento,2025-12-06,2025-12-06,0.0
TCK-1212,Validación QA,2025-11-30,2025-11-30,0.0
TCK-1213,Aprobación por Comité,2025-03-16,2025-03-16,0.0
TCK-1213,Cierre del Ticket,2025-12-07,2025-12-07,0.0
TCK-1213,Creación de Ticket,2025-03-05,2025-03-05,0.0
TCK-1213,Evaluación de Requerimiento,2025-03-06,2025-03-06,0.0
TCK-1213,Fin de Fase,2025-12-07,2025-12-07,0.0
TCK-1213,Ingreso a Backlog,2025-03-14,2025-03-14,0.0
TCK-1213,Inicio de Fase,2025-10-01,2025-10-01,0.0
TCK-1213,Resolución del Requerimiento,2025-12-07,2025-12-07,0.0
TCK-1213,Validación QA,2025-12-02,2025-12-02,0.0
TCK-1214,Aprobación por Comité,2025-03-16,2025-03-16,0.0
TCK-1214,Cierre del Ticket,2025-12-07,2025-12-07,0.0
TCK-1214,Creación de Ticket,2025-03-05,2025-03-05,0.0
TCK-1214,Evaluación de Requerimiento,2025-03-06,2025-03-06,0.0
TCK-1214,Fin de Fase,2025-12-12,2025-12-12,0.0
TCK-1214,Ingreso a Backlog,2025-03-14,2025-03-14,0.0
TCK-1214,Inicio de Fase,2025-09-07,2025-09-07,0.0
TCK-1214,Resolución del Requerimiento,2025-12-07,2025-12-07,0.0
TCK-1214,Validación QA,2025-11-30,2025-11-30,0.0
TCK-1215,Aprobación por Comité,2025-03-16,2025-03-16,0.0
TCK-1215,Cierre del Ticket,2025-12-07,2025-12-07,0.0
TCK-1215,Creación de Ticket,2025-03-05,2025-03-05,0.0
TCK-1215,Evaluación de Requerimiento,2025-03-06,2025-03-06,0.0
TCK-1215,Fin de Fase,2025-12-05,2025-12-05,0.0
TCK-1215,Ingreso a Backlog,2025-03-14,2025-03-14,0.0
TCK-1215,Inicio de Fase,2025-09-26,2025-09-26,0.0
TCK-1215,Resolución del Requerimiento,2025-12-07,2025-12-07,0.0
TCK-1215,Validación QA,2025-11-29,2025-11-29,0.0
TCK-1216,Aprobación por Comité,2025-03-16,2025-03-16,0.0
TCK-1216,Cierre del Ticket,2025-12-07,2025-12-07,0.0
TCK-1216,Creación de Ticket,2025-03-05,2025-03-05,0.0
TCK-1216,Evaluación de Requerimiento,2025-03-06,2025-03-06,0.0
TCK-1216,Fin de Fase,2025-12-05,2025-12-05,0.0
TCK-1216,Ingreso a Backlog,2025-03-14,2025-03-14,0.0
TCK-1216,Inicio de Fase,2025-09-19,2025-09-19,0.0
TCK-1216,Resolución del Requerimiento,2025-12-07,2025-12-07,0.0
TCK-1216,Validación QA,2025-11-27,2025-11-27,0.0
TCK-1217,Aprobación por Comité,2025-03-17,2025-03-17,0.0
TCK-1217,Cierre del Ticket,2025-12-08,2025-12-08,0.0
TCK-1217,Creación de Ticket,2025-03-06,2025-03-06,0.0
TCK-1217,Evaluación de Requerimiento,2025-03-07,2025-03-07,0.0
TCK-1217,Fin de Fase,2025-12-10,2025-12-10,0.0
TCK-1217,Ingreso a Backlog,2025-03-15,2025-03-15,0.0
TCK-1217,Inicio de Fase,2025-11-01,2025-11-01,0.0
TCK-1217,Resolución del Requerimiento,2025-12-08,2025-12-08,0.0
TCK-1217,Validación QA,2025-11-30,2025-11-30,0.0
TCK-1218,Aprobación por Comité,2025-03-17,2025-03-17,0.0
TCK-1218,Cierre del Ticket,2025-12-08,2025-12-08,0.0
TCK-1218,Creación de Ticket,2025-03-06,2025-03-06,0.0
TCK-1218,Evaluación de Requerimiento,2025-03-07,2025-03-07,0.0
TCK-1218,Fin de Fase,2025-12-13,2025-12-13,0.0
TCK-1218,Ingreso a Backlog,2025-03-15,2025-03-15,0.0
TCK-1218,Inicio de Fase,2025-11-29,2025-11-29,0.0
TCK-1218,Resolución del Requerimiento,2025-12-08,2025-12-08,0.0
TCK-1218,Validación QA,2025-11-27,2025-11-27,0.0
TCK-1219,Aprobación por Comité,2025-03-17,2025-03-17,0.0
TCK-1219,Cierre del Ticket,2025-12-08,2025-12-08,0.0
TCK-1219,Creación de Ticket,2025-03-06,2025-03-06,0.0
TCK-1219,Evaluación de Requerimiento,2025-03-07,2025-03-07,0.0
TCK-1219,Fin de Fase,2025-12-06,2025-12-06,0.0
TCK-1219,Ingreso a Backlog,2025-03-15,2025-03-15,0.0
TCK-1219,Inicio de Fase,2025-10-01,2025-10-01,0.0
TCK-1219,Resolución del Requerimiento,2025-12-08,2025-12-08,0.0
TCK-1219,Validación QA,2025-11-28,2025-11-28,0.0
TCK-1220,Aprobación por Comité,2025-03-18,2025-03-18,0.0
TCK-1220,Cierre del Ticket,2025-12-09,2025-12-09,0.0
TCK-1220,Creación de Ticket,2025-03-07,2025-03-07,0.0
TCK-1220,Evaluación de Requerimiento,2025-03-08,2025-03-08,0.0
TCK-1220,Fin de Fase,2025-12-10,2025-12-10,0.0
TCK-1220,Ingreso a Backlog,2025-03-16,2025-03-16,0.0
TCK-1220,Inicio de Fase,2025-10-01,2025-10-01,0.0
TCK-1220,Resolución del Requerimiento,2025-12-09,2025-12-09,0.0
TCK-1220,Validación QA,2025-11-23,2025-11-23,0.0
TCK-1221,Aprobación por Comité,2025-03-18,2025-03-18,0.0
TCK-1221,Cierre del Ticket,2025-12-09,2025-12-09,0.0
TCK-1221,Creación de Ticket,2025-03-07,2025-03-07,0.0
TCK-1221,Evaluación de Requerimiento,2025-03-08,2025-03-08,0.0
TCK-1221,Fin de Fase,2025-12-05,2025-12-05,0.0
TCK-1221,Ingreso a Backlog,2025-03-16,2025-03-16,0.0
TCK-1221,Inicio de Fase,2025-09-18,2025-09-18,0.0
TCK-1221,Resolución del Requerimiento,2025-12-09,2025-12-09,0.0
TCK-1221,Validación QA,2025-12-02,2025-12-02,0.0
TCK-1222,Aprobación por Comité,2025-03-18,2025-03-18,0.0
TCK-1222,Cierre del Ticket,2025-12-09,2025-12-09,0.0
TCK-1222,Creación de Ticket,2025-03-07,2025-03-07,0.0
TCK-1222,Evaluación de Requerimiento,2025-03-08,2025-03-08,0.0
TCK-1222,Fin de Fase,2025-12-09,2025-12-09,0.0
TCK-1222,Ingreso a Backlog,2025-03-16,2025-03-16,0.0
TCK-1222,Inicio de Fase,2025-10-26,2025-10-26,0.0
TCK-1222,Resolución del Requerimiento,2025-12-09,2025-12-09,0.0
TCK-1222,Validación QA,2025-11-27,2025-11-27,0.0
TCK-1223,Aprobación por Comité,2025-03-19,2025-03-19,0.0
TCK-1223,Cierre del Ticket,2025-12-10,2025-12-10,0.0
TCK-1223,Creación de Ticket,2025-03-08,2025-03-08,0.0
TCK-1223,Evaluación de Requerimiento,2025-03-09,2025-03-09,0.0
TCK-1223,Fin de Fase,2025-12-12,2025-12-12,0.0
TCK-1223,Ingreso a Backlog,2025-03-17,2025-03-17,0.0
TCK-1223,Inicio de Fase,2025-09-24,2025-09-24,0.0
TCK-1223,Resolución del Requerimiento,2025-12-10,2025-12-10,0.0
TCK-1223,Validación QA,2025-11-25,2025-11-25,0.0
TCK-1224,Aprobación por Comité,2025-03-19,2025-03-19,0.0
TCK-1224,Cierre del Ticket,2025-12-10,2025-12-10,0.0
TCK-1224,Creación de Ticket,2025-03-08,2025-03-08,0.0
TCK-1224,Evaluación de Requerimiento,2025-03-09,2025-03-09,0.0
TCK-1224,Fin de Fase,2025-12-03,2025-12-03,0.0
TCK-1224,Ingreso a Backlog,2025-03-17,2025-03-17,0.0
TCK-1224,Inicio de Fase,2025-10-06,2025-10-06,0.0
TCK-1224,Resolución del Requerimiento,2025-12-10,2025-12-10,0.0
TCK-1224,Validación QA,2025-11-25,2025-11-25,0.0
TCK-1225,Aprobación por Comité,2025-03-19,2025-03-19,0.0
TCK-1225,Cierre del Ticket,2025-12-10,2025-12-10,0.0
TCK-1225,Creación de Ticket,2025-03-08,2025-03-08,0.0
TCK-1225,Evaluación de Requerimiento,2025-03-09,2025-03-09,0.0
TCK-1225,Fin de Fase,2025-12-04,2025-12-04,0.0
TCK-1225,Ingreso a Backlog,2025-03-17,2025-03-17,0.0
TCK-1225,Inicio de Fase,2025-10-15,2025-10-15,0.0
TCK-1225,Resolución del Requerimiento,2025-12-10,2025-12-10,0.0
TCK-1225,Validación QA,2025-11-26,2025-11-26,0.0
TCK-1226,Aprobación por Comité,2025-03-19,2025-03-19,0.0
TCK-1226,Cierre del Ticket,2025-12-10,2025-12-10,0.0
TCK-1226,Creación de Ticket,2025-03-08,2025-03-08,0.0
TCK-1226,Evaluación de Requerimiento,2025-03-09,2025-03-09,0.0
TCK-1226,Fin de Fase,2025-12-12,2025-12-12,0.0
TCK-1226,Ingreso a Backlog,2025-03-17,2025-03-17,0.0
TCK-1226,Inicio de Fase,2025-09-28,2025-09-28,0.0
TCK-1226,Resolución del Requerimiento,2025-12-10,2025-12-10,0.0
TCK-1226,Validación QA,2025-11-28,2025-11-28,0.0
TCK-1227,Aprobación por Comité,2025-03-20,2025-03-20,0.0
TCK-1227,Cierre del Ticket,2025-12-11,2025-12-11,0.0
TCK-1227,Creación de Ticket,2025-03-09,2025-03-09,0.0
TCK-1227,Evaluación de Requerimiento,2025-03-10,2025-03-10,0.0
TCK-1227,Fin de Fase,2025-12-03,2025-12-03,0.0
TCK-1227,Ingreso a Backlog,2025-03-18,2025-03-18,0.0
TCK-1227,Inicio de Fase,2025-10-07,2025-10-07,0.0
TCK-1227,Resolución del Requerimiento,2025-12-11,2025-12-11,0.0
TCK-1227,Validación QA,2025-11-23,2025-11-23,0.0
TCK-1228,Aprobación por Comité,2025-03-20,2025-03-20,0.0
TCK-1228,Cierre del Ticket,2025-12-11,2025-12-11,0.0
TCK-1228,Creación de Ticket,2025-03-09,2025-03-09,0.0
TCK-1228,Evaluación de Requerimiento,2025-03-10,2025-03-10,0.0
TCK-1228,Fin de Fase,2025-12-03,2025-12-03,0.0
TCK-1228,Ingreso a Backlog,2025-03-18,2025-03-18,0.0
TCK-1228,Inicio de Fase,2025-09-22,2025-09-22,0.0
TCK-1228,Resolución del Requerimiento,2025-12-11,2025-12-11,0.0
TCK-1228,Validación QA,2025-11-30,2025-11-30,0.0
TCK-1229,Aprobación por Comité,2025-03-20,2025-03-20,0.0
TCK-1229,Cierre del Ticket,2025-12-11,2025-12-11,0.0
TCK-1229,Creación de Ticket,2025-03-09,2025-03-09,0.0
TCK-1229,Evaluación de Requerimiento,2025-03-10,2025-03-10,0.0
TCK-1229,Fin de Fase,2025-12-13,2025-12-13,0.0
TCK-1229,Ingreso a Backlog,2025-03-18,2025-03-18,0.0
TCK-1229,Inicio de Fase,2025-11-12,2025-11-12,0.0
TCK-1229,Resolución del Requerimiento,2025-12-11,2025-12-11,0.0
TCK-1229,Validación QA,2025-11-25,2025-11-25,0.0
TCK-1230,Aprobación por Comité,2025-03-21,2025-03-21,0.0
TCK-1230,Cierre del Ticket,2025-12-12,2025-12-12,0.0
TCK-1230,Creación de Ticket,2025-03-10,2025-03-10,0.0
TCK-1230,Evaluación de Requerimiento,2025-03-11,2025-03-11,0.0
TCK-1230,Fin de Fase,2025-12-09,2025-12-09,0.0
TCK-1230,Ingreso a Backlog,2025-03-19,2025-03-19,0.0
TCK-1230,Inicio de Fase,2025-09-30,2025-09-30,0.0
TCK-1230,Resolución del Requerimiento,2025-12-12,2025-12-12,0.0
TCK-1230,Validación QA,2025-11-29,2025-11-29,0.0
TCK-1231,Aprobación por Comité,2025-03-21,2025-03-21,0.0
TCK-1231,Cierre del Ticket,2025-12-12,2025-12-12,0.0
TCK-1231,Creación de Ticket,2025-03-10,2025-03-10,0.0
TCK-1231,Evaluación de Requerimiento,2025-03-11,2025-03-11,0.0
TCK-1231,Fin de Fase,2025-12-12,2025-12-12,0.0
TCK-1231,Ingreso a Backlog,2025-03-19,2025-03-19,0.0
TCK-1231,Inicio de Fase,2025-09-16,2025-09-16,0.0
TCK-1231,Resolución del Requerimiento,2025-12-12,2025-12-12,0.0
TCK-1231,Validación QA,2025-11-29,2025-11-29,0.0
TCK-1232,Aprobación por Comité,2025-03-21,2025-03-21,0.0
TCK-1232,Cierre del Ticket,2025-12-12,2025-12-12,0.0
TCK-1232,Creación de Ticket,2025-03-10,2025-03-10,0.0
TCK-1232,Evaluación de Requerimiento,2025-03-11,2025-03-11,0.0
TCK-1232,Fin de Fase,2025-12-05,2025-12-05,0.0
TCK-1232,Ingreso a Backlog,2025-03-19,2025-03-19,0.0
TCK-1232,Inicio de Fase,2025-09-21,2025-09-21,0.0
TCK-1232,Resolución del Requerimiento,2025-12-12,2025-12-12,0.0
TCK-1232,Validación QA,2025-11-23,2025-11-23,0.0
TCK-1233,Aprobación por Comité,2025-03-22,2025-03-22,0.0
TCK-1233,Cierre del Ticket,2025-12-13,2025-12-13,0.0
TCK-1233,Creación de Ticket,2025-03-11,2025-03-11,0.0
TCK-1233,Evaluación de Requerimiento,2025-03-12,2025-03-12,0.0
TCK-1233,Fin de Fase,2025-12-11,2025-12-11,0.0
TCK-1233,Ingreso a Backlog,2025-03-20,2025-03-20,0.0
TCK-1233,Inicio de Fase,2025-10-17,2025-10-17,0.0
TCK-1233,Resolución del Requerimiento,2025-12-13,2025-12-13,0.0
TCK-1233,Validación QA,2025-12-01,2025-12-01,0.0
TCK-1234,Aprobación por Comité,2025-03-22,2025-03-22,0.0
TCK-1234,Cierre del Ticket,2025-12-13,2025-12-13,0.0
TCK-1234,Creación de Ticket,2025-03-11,2025-03-11,0.0
TCK-1234,Evaluación de Requerimiento,2025-03-12,2025-03-12,0.0
TCK-1234,Fin de Fase,2025-12-13,2025-12-13,0.0
TCK-1234,Ingreso a Backlog,2025-03-20,2025-03-20,0.0
TCK-1234,Inicio de Fase,2025-10-08,2025-10-08,0.0
TCK-1234,Resolución del Requerimiento,2025-12-13,2025-12-13,0.0
TCK-1234,Validación QA,2025-11-25,2025-11-25,0.0
TCK-1235,Aprobación por Comité,2025-03-22,2025-03-22,0.0
TCK-1235,Cierre del Ticket,2025-12-13,2025-12-13,0.0
TCK-1235,Creación de Ticket,2025-03-11,2025-03-11,0.0
TCK-1235,Evaluación de Requerimiento,2025-03-12,2025-03-12,0.0
TCK-1235,Fin de Fase,2025-12-05,2025-12-05,0.0
TCK-1235,Ingreso a Backlog,2025-03-20,2025-03-20,0.0
TCK-1235,Inicio de Fase,2025-11-11,2025-11-11,0.0
TCK-1235,Resolución del Requerimiento,2025-12-13,2025-12-13,0.0
TCK-1235,Validación QA,2025-11-27,2025-11-27,0.0
TCK-1236,Aprobación por Comité,2025-03-22,2025-03-22,0.0
TCK-1236,Cierre del Ticket,2025-12-13,2025-12-13,0.0
TCK-1236,Creación de Ticket,2025-03-11,2025-03-11,0.0
TCK-1236,Evaluación de Requerimiento,2025-03-12,2025-03-12,0.0
TCK-1236,Fin de Fase,2025-12-07,2025-12-07,0.0
TCK-1236,Ingreso a Backlog,2025-03-20,2025-03-20,0.0
TCK-1236,Inicio de Fase,2025-11-28,2025-11-28,0.0
TCK-1236,Resolución del Requerimiento,2025-12-13,2025-12-13,0.0
TCK-1236,Validación QA,2025-11-28,2025-11-28,0.0
TCK-1237,Aprobación por Comité,2025-03-23,2025-03-23,0.0
TCK-1237,Cierre del Ticket,2025-12-14,2025-12-14,0.0
TCK-1237,Creación de Ticket,2025-03-12,2025-03-12,0.0
TCK-1237,Evaluación de Requerimiento,2025-03-13,2025-03-13,0.0
TCK-1237,Fin de Fase,2025-12-05,2025-12-05,0.0
TCK-1237,Ingreso a Backlog,2025-03-21,2025-03-21,0.0
TCK-1237,Inicio de Fase,2025-09-17,2025-09-17,0.0
TCK-1237,Resolución del Requerimiento,2025-12-14,2025-12-14,0.0
TCK-1237,Validación QA,2025-11-29,2025-11-29,0.0
TCK-1238,Aprobación por Comité,2025-03-23,2025-03-23,0.0
TCK-1238,Cierre del Ticket,2025-12-14,2025-12-14,0.0
TCK-1238,Creación de Ticket,2025-03-12,2025-03-12,0.0
TCK-1238,Evaluación de Requerimiento,2025-03-13,2025-03-13,0.0
TCK-1238,Fin de Fase,2025-12-08,2025-12-08,0.0
TCK-1238,Ingreso a Backlog,2025-03-21,2025-03-21,0.0
TCK-1238,Inicio de Fase,2025-09-10,2025-09-10,0.0
TCK-1238,Resolución del Requerimiento,2025-12-14,2025-12-14,0.0
TCK-1238,Validación QA,2025-11-29,2025-11-29,0.0
TCK-1239,Aprobación por Comité,2025-03-23,2025-03-23,0.0
TCK-1239,Cierre del Ticket,2025-12-14,2025-12-14,0.0
TCK-1239,Creación de Ticket,2025-03-12,2025-03-12,0.0
TCK-1239,Evaluación de Requerimiento,2025-03-13,2025-03-13,0.0
TCK-1239,Fin de Fase,2025-12-07,2025-12-07,0.0
TCK-1239,Ingreso a Backlog,2025-03-21,2025-03-21,0.0
TCK-1239,Inicio de Fase,2025-11-04,2025-11-04,0.0
TCK-1239,Resolución del Requerimiento,2025-12-14,2025-12-14,0.0
TCK-1239,Validación QA,2025-12-02,2025-12-02,0.0
TCK-1240,Aprobación por Comité,2025-03-24,2025-03-24,0.0
TCK-1240,Cierre del Ticket,2025-12-15,2025-12-15,0.0
TCK-1240,Creación de Ticket,2025-03-13,2025-03-13,0.0
TCK-1240,Evaluación de Requerimiento,2025-03-14,2025-03-14,0.0
TCK-1240,Fin de Fase,2025-12-03,2025-12-03,0.0
TCK-1240,Ingreso a Backlog,2025-03-22,2025-03-22,0.0
TCK-1240,Inicio de Fase,2025-09-15,2025-09-15,0.0
TCK-1240,Resolución del Requerimiento,2025-12-15,2025-12-15,0.0
TCK-1240,Validación QA,2025-11-26,2025-11-26,0.0
TCK-1241,Aprobación por Comité,2025-03-24,2025-03-24,0.0
TCK-1241,Cierre del Ticket,2025-12-15,2025-12-15,0.0
TCK-1241,Creación de Ticket,2025-03-13,2025-03-13,0.0
TCK-1241,Evaluación de Requerimiento,2025-03-14,2025-03-14,0.0
TCK-1241,Fin de Fase,2025-12-07,2025-12-07,0.0
TCK-1241,Ingreso a Backlog,2025-03-22,2025-03-22,0.0
TCK-1241,Inicio de Fase,2025-09-24,2025-09-24,0.0
TCK-1241,Resolución del Requerimiento,2025-12-15,2025-12-15,0.0
TCK-1241,Validación QA,2025-11-28,2025-11-28,0.0
TCK-1242,Aprobación por Comité,2025-03-24,2025-03-24,0.0
TCK-1242,Cierre del Ticket,2025-12-15,2025-12-15,0.0
TCK-1242,Creación de Ticket,2025-03-13,2025-03-13,0.0
TCK-1242,Evaluación de Requerimiento,2025-03-14,2025-03-14,0.0
TCK-1242,Fin de Fase,2025-12-03,2025-12-03,0.0
TCK-1242,Ingreso a Backlog,2025-03-22,2025-03-22,0.0
TCK-1242,Inicio de Fase,2025-11-18,2025-11-18,0.0
TCK-1242,Resolución del Requerimiento,2025-12-15,2025-12-15,0.0
TCK-1242,Validación QA,2025-11-25,2025-11-25,0.0
TCK-1243,Aprobación por Comité,2025-03-25,2025-03-25,0.0
TCK-1243,Cierre del Ticket,2025-12-16,2025-12-16,0.0
TCK-1243,Creación de Ticket,2025-03-14,2025-03-14,0.0
TCK-1243,Evaluación de Requerimiento,2025-03-15,2025-03-15,0.0
TCK-1243,Fin de Fase,2025-12-12,2025-12-12,0.0
TCK-1243,Ingreso a Backlog,2025-03-23,2025-03-23,0.0
TCK-1243,Inicio de Fase,2025-10-15,2025-10-15,0.0
TCK-1243,Resolución del Requerimiento,2025-12-16,2025-12-16,0.0
TCK-1243,Validación QA,2025-11-23,2025-11-23,0.0
TCK-1244,Aprobación por Comité,2025-03-25,2025-03-25,0.0
TCK-1244,Cierre del Ticket,2025-12-16,2025-12-16,0.0
TCK-1244,Creación de Ticket,2025-03-14,2025-03-14,0.0
TCK-1244,Evaluación de Requerimiento,2025-03-15,2025-03-15,0.0
TCK-1244,Fin de Fase,2025-12-13,2025-12-13,0.0
TCK-1244,Ingreso a Backlog,2025-03-23,2025-03-23,0.0
TCK-1244,Inicio de Fase,2025-10-24,2025-10-24,0.0
TCK-1244,Resolución del Requerimiento,2025-12-16,2025-12-16,0.0
TCK-1244,Validación QA,2025-11-28,2025-11-28,0.0
TCK-1245,Aprobación por Comité,2025-03-25,2025-03-25,0.0
TCK-1245,Cierre del Ticket,2025-12-16,2025-12-16,0.0
TCK-1245,Creación de Ticket,2025-03-14,2025-03-14,0.0
TCK-1245,Evaluación de Requerimiento,2025-03-15,2025-03-15,0.0
TCK-1245,Fin de Fase,2025-12-10,2025-12-10,0.0
TCK-1245,Ingreso a Backlog,2025-03-23,2025-03-23,0.0
TCK-1245,Inicio de Fase,2025-11-02,2025-11-02,0.0
TCK-1245,Resolución del Requerimiento,2025-12-16,2025-12-16,0.0
TCK-1245,Validación QA,2025-11-25,2025-11-25,0.0
TCK-1246,Aprobación por Comité,2025-03-25,2025-03-25,0.0
TCK-1246,Cierre del Ticket,2025-12-16,2025-12-16,0.0
TCK-1246,Creación de Ticket,2025-03-14,2025-03-14,0.0
TCK-1246,Evaluación de Requerimiento,2025-03-15,2025-03-15,0.0
TCK-1246,Fin de Fase,2025-12-10,2025-12-10,0.0
TCK-1246,Ingreso a Backlog,2025-03-23,2025-03-23,0.0
TCK-1246,Inicio de Fase,2025-11-08,2025-11-08,0.0
TCK-1246,Resolución del Requerimiento,2025-12-16,2025-12-16,0.0
TCK-1246,Validación QA,2025-12-02,2025-12-02,0.0
TCK-1247,Aprobación por Comité,2025-03-26,2025-03-26,0.0
TCK-1247,Cierre del Ticket,2025-12-17,2025-12-17,0.0
TCK-1247,Creación de Ticket,2025-03-15,2025-03-15,0.0
TCK-1247,Evaluación de Requerimiento,2025-03-16,2025-03-16,0.0
TCK-1247,Fin de Fase,2025-12-13,2025-12-13,0.0
TCK-1247,Ingreso a Backlog,2025-03-24,2025-03-24,0.0
TCK-1247,Inicio de Fase,2025-10-19,2025-10-19,0.0
TCK-1247,Resolución del Requerimiento,2025-12-17,2025-12-17,0.0
TCK-1247,Validación QA,2025-11-26,2025-11-26,0.0
TCK-1248,Aprobación por Comité,2025-03-26,2025-03-26,0.0
TCK-1248,Cierre del Ticket,2025-12-17,2025-12-17,0.0
TCK-1248,Creación de Ticket,2025-03-15,2025-03-15,0.0
TCK-1248,Evaluación de Requerimiento,2025-03-16,2025-03-16,0.0
TCK-1248,Fin de Fase,2025-12-04,2025-12-04,0.0
TCK-1248,Ingreso a Backlog,2025-03-24,2025-03-24,0.0
TCK-1248,Inicio de Fase,2025-11-27,2025-11-27,0.0
TCK-1248,Resolución del Requerimiento,2025-12-17,2025-12-17,0.0
TCK-1248,Validación QA,2025-11-25,2025-11-25,0.0
TCK-1249,Aprobación por Comité,2025-03-26,2025-03-26,0.0
TCK-1249,Cierre del Ticket,2025-12-17,2025-12-17,0.0
TCK-1249,Creación de Ticket,2025-03-15,2025-03-15,0.0
TCK-1249,Evaluación de Requerimiento,2025-03-16,2025-03-16,0.0
TCK-1249,Fin de Fase,2025-12-08,2025-12-08,0.0
TCK-1249,Ingreso a Backlog,2025-03-24,2025-03-24,0.0
TCK-1249,Inicio de Fase,2025-09-12,2025-09-12,0.0
TCK-1249,Resolución del Requerimiento,2025-12-17,2025-12-17,0.0
TCK-1249,Validación QA,2025-11-23,2025-11-23,0.0
TCK-1250,Aprobación por Comité,2025-03-27,2025-03-27,0.0
TCK-1250,Cierre del Ticket,2025-12-18,2025-12-18,0.0
TCK-1250,Creación de Ticket,2025-03-16,2025-03-16,0.0
TCK-1250,Evaluación de Requerimiento,2025-03-17,2025-03-17,0.0
TCK-1250,Fin de Fase,2025-12-04,2025-12-04,0.0
TCK-1250,Ingreso a Backlog,2025-03-25,2025-03-25,0.0
TCK-1250,Inicio de Fase,2025-09-17,2025-09-17,0.0
TCK-1250,Resolución del Requerimiento,2025-12-18,2025-12-18,0.0
TCK-1250,Validación QA,2025-11-25,2025-11-25,0.0
TCK-1251,Aprobación por Comité,2025-03-27,2025-03-27,0.0
TCK-1251,Cierre del Ticket,2025-12-18,2025-12-18,0.0
TCK-1251,Creación de Ticket,2025-03-16,2025-03-16,0.0
TCK-1251,Evaluación de Requerimiento,2025-03-17,2025-03-17,0.0
TCK-1251,Fin de Fase,2025-12-04,2025-12-04,0.0
TCK-1251,Ingreso a Backlog,2025-03-25,2025-03-25,0.0
TCK-1251,Inicio de Fase,2025-09-14,2025-09-14,0.0
TCK-1251,Resolución del Requerimiento,2025-12-18,2025-12-18,0.0
TCK-1251,Validación QA,2025-11-27,2025-11-27,0.0
TCK-1252,Aprobación por Comité,2025-03-27,2025-03-27,0.0
TCK-1252,Cierre del Ticket,2025-12-18,2025-12-18,0.0
TCK-1252,Creación de Ticket,2025-03-16,2025-03-16,0.0
TCK-1252,Evaluación de Requerimiento,2025-03-17,2025-03-17,0.0
TCK-1252,Fin de Fase,2025-12-10,2025-12-10,0.0
TCK-1252,Ingreso a Backlog,2025-03-25,2025-03-25,0.0
TCK-1252,Inicio de Fase,2025-10-08,2025-10-08,0.0
TCK-1252,Resolución del Requerimiento,2025-12-18,2025-12-18,0.0
TCK-1252,Validación QA,2025-12-02,2025-12-02,0.0
TCK-1253,Aprobación por Comité,2025-03-28,2025-03-28,0.0
TCK-1253,Cierre del Ticket,2025-12-19,2025-12-19,0.0
TCK-1253,Creación de Ticket,2025-03-17,2025-03-17,0.0
TCK-1253,Evaluación de Requerimiento,2025-03-18,2025-03-18,0.0
TCK-1253,Fin de Fase,2025-12-08,2025-12-08,0.0
TCK-1253,Ingreso a Backlog,2025-03-26,2025-03-26,0.0
TCK-1253,Inicio de Fase,2025-11-25,2025-11-25,0.0
TCK-1253,Resolución del Requerimiento,2025-12-19,2025-12-19,0.0
TCK-1253,Validación QA,2025-12-03,2025-12-03,0.0
TCK-1254,Aprobación por Comité,2025-03-28,2025-03-28,0.0
TCK-1254,Cierre del Ticket,2025-12-19,2025-12-19,0.0
TCK-1254,Creación de Ticket,2025-03-17,2025-03-17,0.0
TCK-1254,Evaluación de Requerimiento,2025-03-18,2025-03-18,0.0
TCK-1254,Fin de Fase,2025-12-08,2025-12-08,0.0
TCK-1254,Ingreso a Backlog,2025-03-26,2025-03-26,0.0
TCK-1254,Inicio de Fase,2025-09-22,2025-09-22,0.0
TCK-1254,Resolución del Requerimiento,2025-12-19,2025-12-19,0.0
TCK-1254,Validación QA,2025-11-29,2025-11-29,0.0
TCK-1255,Aprobación por Comité,2025-03-28,2025-03-28,0.0
TCK-1255,Cierre del Ticket,2025-12-19,2025-12-19,0.0
TCK-1255,Creación de Ticket,2025-03-17,2025-03-17,0.0
TCK-1255,Evaluación de Requerimiento,2025-03-18,2025-03-18,0.0
TCK-1255,Fin de Fase,2025-12-05,2025-12-05,0.0
TCK-1255,Ingreso a Backlog,2025-03-26,2025-03-26,0.0
TCK-1255,Inicio de Fase,2025-11-02,2025-11-02,0.0
TCK-1255,Resolución del Requerimiento,2025-12-19,2025-12-19,0.0
TCK-1255,Validación QA,2025-12-02,2025-12-02,0.0
TCK-1256,Aprobación por Comité,2025-03-28,2025-03-28,0.0
TCK-1256,Cierre del Ticket,2025-12-19,2025-12-19,0.0
TCK-1256,Creación de Ticket,2025-03-17,2025-03-17,0.0
TCK-1256,Evaluación de Requerimiento,2025-03-18,2025-03-18,0.0
TCK-1256,Fin de Fase,2025-12-06,2025-12-06,0.0
TCK-1256,Ingreso a Backlog,2025-03-26,2025-03-26,0.0
TCK-1256,Inicio de Fase,2025-10-14,2025-10-14,0.0
TCK-1256,Resolución del Requerimiento,2025-12-19,2025-12-19,0.0
TCK-1256,Validación QA,2025-12-02,2025-12-02,0.0
TCK-1257,Aprobación por Comité,2025-03-29,2025-03-29,0.0
TCK-1257,Cierre del Ticket,2025-12-20,2025-12-20,0.0
TCK-1257,Creación de Ticket,2025-03-18,2025-03-18,0.0
TCK-1257,Evaluación de Requerimiento,2025-03-19,2025-03-19,0.0
TCK-1257,Fin de Fase,2025-12-05,2025-12-05,0.0
TCK-1257,Ingreso a Backlog,2025-03-27,2025-03-27,0.0
TCK-1257,Inicio de Fase,2025-10-20,2025-10-20,0.0
TCK-1257,Resolución del Requerimiento,2025-12-20,2025-12-20,0.0
TCK-1257,Validación QA,2025-11-26,2025-11-26,0.0
TCK-1258,Aprobación por Comité,2025-03-29,2025-03-29,0.0
TCK-1258,Cierre del Ticket,2025-12-20,2025-12-20,0.0
TCK-1258,Creación de Ticket,2025-03-18,2025-03-18,0.0
TCK-1258,Evaluación de Requerimiento,2025-03-19,2025-03-19,0.0
TCK-1258,Fin de Fase,2025-12-06,2025-12-06,0.0
TCK-1258,Ingreso a Backlog,2025-03-27,2025-03-27,0.0
TCK-1258,Inicio de Fase,2025-11-11,2025-11-11,0.0
TCK-1258,Resolución del Requerimiento,2025-12-20,2025-12-20,0.0
TCK-1258,Validación QA,2025-11-28,2025-11-28,0.0
TCK-1259,Aprobación por Comité,2025-03-29,2025-03-29,0.0
TCK-1259,Cierre del Ticket,2025-12-20,2025-12-20,0.0
TCK-1259,Creación de Ticket,2025-03-18,2025-03-18,0.0
TCK-1259,Evaluación de Requerimiento,2025-03-19,2025-03-19,0.0
TCK-1259,Fin de Fase,2025-12-06,2025-12-06,0.0
TCK-1259,Ingreso a Backlog,2025-03-27,2025-03-27,0.0
TCK-1259,Inicio de Fase,2025-11-19,2025-11-19,0.0
TCK-1259,Resolución del Requerimiento,2025-12-20,2025-12-20,0.0
TCK-1259,Validación QA,2025-11-28,2025-11-28,0.0
TCK-1260,Aprobación por Comité,2025-03-30,2025-03-30,0.0
TCK-1260,Cierre del Ticket,2025-12-21,2025-12-21,0.0
TCK-1260,Creación de Ticket,2025-03-19,2025-03-19,0.0
TCK-1260,Evaluación de Requerimiento,2025-03-20,2025-03-20,0.0
TCK-1260,Fin de Fase,2025-12-05,2025-12-05,0.0
TCK-1260,Ingreso a Backlog,2025-03-28,2025-03-28,0.0
TCK-1260,Inicio de Fase,2025-09-23,2025-09-23,0.0
TCK-1260,Resolución del Requerimiento,2025-12-21,2025-12-21,0.0
TCK-1260,Validación QA,2025-11-25,2025-11-25,0.0
TCK-1261,Aprobación por Comité,2025-03-30,2025-03-30,0.0
TCK-1261,Cierre del Ticket,2025-12-21,2025-12-21,0.0
TCK-1261,Creación de Ticket,2025-03-19,2025-03-19,0.0
TCK-1261,Evaluación de Requerimiento,2025-03-20,2025-03-20,0.0
TCK-1261,Fin de Fase,2025-12-05,2025-12-05,0.0
TCK-1261,Ingreso a Backlog,2025-03-28,2025-03-28,0.0
TCK-1261,Inicio de Fase,2025-09-23,2025-09-23,0.0
TCK-1261,Resolución del Requerimiento,2025-12-21,2025-12-21,0.0
TCK-1261,Validación QA,2025-11-26,2025-11-26,0.0
TCK-1262,Aprobación por Comité,2025-03-30,2025-03-30,0.0
TCK-1262,Cierre del Ticket,2025-12-21,2025-12-21,0.0
TCK-1262,Creación de Ticket,2025-03-19,2025-03-19,0.0
TCK-1262,Evaluación de Requerimiento,2025-03-20,2025-03-20,0.0
TCK-1262,Fin de Fase,2025-12-13,2025-12-13,0.0
TCK-1262,Ingreso a Backlog,2025-03-28,2025-03-28,0.0
TCK-1262,Inicio de Fase,2025-11-16,2025-11-16,0.0
TCK-1262,Resolución del Requerimiento,2025-12-21,2025-12-21,0.0
TCK-1262,Validación QA,2025-11-30,2025-11-30,0.0
TCK-1263,Aprobación por Comité,2025-03-30,2025-03-30,0.0
TCK-1263,Cierre del Ticket,2025-12-21,2025-12-21,0.0
TCK-1263,Creación de Ticket,2025-03-19,2025-03-19,0.0
TCK-1263,Evaluación de Requerimiento,2025-03-20,2025-03-20,0.0
TCK-1263,Fin de Fase,2025-12-06,2025-12-06,0.0
TCK-1263,Ingreso a Backlog,2025-03-28,2025-03-28,0.0
TCK-1263,Inicio de Fase,2025-11-28,2025-11-28,0.0
TCK-1263,Resolución del Requerimiento,2025-12-21,2025-12-21,0.0
TCK-1263,Validación QA,2025-11-25,2025-11-25,0.0
TCK-1264,Aprobación por Comité,2025-03-31,2025-03-31,0.0
TCK-1264,Cierre del Ticket,2025-12-22,2025-12-22,0.0
TCK-1264,Creación de Ticket,2025-03-20,2025-03-20,0.0
TCK-1264,Evaluación de Requerimiento,2025-03-21,2025-03-21,0.0
TCK-1264,Fin de Fase,2025-12-12,2025-12-12,0.0
TCK-1264,Ingreso a Backlog,2025-03-29,2025-03-29,0.0
TCK-1264,Inicio de Fase,2025-10-19,2025-10-19,0.0
TCK-1264,Resolución del Requerimiento,2025-12-22,2025-12-22,0.0
TCK-1264,Validación QA,2025-11-23,2025-11-23,0.0
TCK-1265,Aprobación por Comité,2025-03-31,2025-03-31,0.0
TCK-1265,Cierre del Ticket,2025-12-22,2025-12-22,0.0
TCK-1265,Creación de Ticket,2025-03-20,2025-03-20,0.0
TCK-1265,Evaluación de Requerimiento,2025-03-21,2025-03-21,0.0
TCK-1265,Fin de Fase,2025-12-13,2025-12-13,0.0
TCK-1265,Ingreso a Backlog,2025-03-29,2025-03-29,0.0
TCK-1265,Inicio de Fase,2025-09-07,2025-09-07,0.0
TCK-1265,Resolución del Requerimiento,2025-12-22,2025-12-22,0.0
TCK-1265,Validación QA,2025-11-26,2025-11-26,0.0
TCK-1266,Aprobación por Comité,2025-03-31,2025-03-31,0.0
TCK-1266,Cierre del Ticket,2025-12-22,2025-12-22,0.0
TCK-1266,Creación de Ticket,2025-03-20,2025-03-20,0.0
TCK-1266,Evaluación de Requerimiento,2025-03-21,2025-03-21,0.0
TCK-1266,Fin de Fase,2025-12-07,2025-12-07,0.0
TCK-1266,Ingreso a Backlog,2025-03-29,2025-03-29,0.0
TCK-1266,Inicio de Fase,2025-11-06,2025-11-06,0.0
TCK-1266,Resolución del Requerimiento,2025-12-22,2025-12-22,0.0
TCK-1266,Validación QA,2025-11-27,2025-11-27,0.0
TCK-1267,Aprobación por Comité,2025-04-01,2025-04-01,0.0
TCK-1267,Cierre del Ticket,2025-12-23,2025-12-23,0.0
TCK-1267,Creación de Ticket,2025-03-21,2025-03-21,0.0
TCK-1267,Evaluación de Requerimiento,2025-03-22,2025-03-22,0.0
TCK-1267,Fin de Fase,2025-12-12,2025-12-12,0.0
TCK-1267,Ingreso a Backlog,2025-03-30,2025-03-30,0.0
TCK-1267,Inicio de Fase,2025-10-31,2025-10-31,0.0
TCK-1267,Resolución del Requerimiento,2025-12-23,2025-12-23,0.0
TCK-1267,Validación QA,2025-11-23,2025-11-23,0.0
TCK-1268,Aprobación por Comité,2025-04-01,2025-04-01,0.0
TCK-1268,Cierre del Ticket,2025-12-23,2025-12-23,0.0
TCK-1268,Creación de Ticket,2025-03-21,2025-03-21,0.0
TCK-1268,Evaluación de Requerimiento,2025-03-22,2025-03-22,0.0
TCK-1268,Fin de Fase,2025-12-03,2025-12-03,0.0
TCK-1268,Ingreso a Backlog,2025-03-30,2025-03-30,0.0
TCK-1268,Inicio de Fase,2025-11-01,2025-11-01,0.0
TCK-1268,Resolución del Requerimiento,2025-12-23,2025-12-23,0.0
TCK-1268,Validación QA,2025-11-29,2025-11-29,0.0
TCK-1269,Aprobación por Comité,2025-04-01,2025-04-01,0.0
TCK-1269,Cierre del Ticket,2025-12-23,2025-12-23,0.0
TCK-1269,Creación de Ticket,2025-03-21,2025-03-21,0.0
TCK-1269,Evaluación de Requerimiento,2025-03-22,2025-03-22,0.0
TCK-1269,Fin de Fase,2025-12-10,2025-12-10,0.0
TCK-1269,Ingreso a Backlog,2025-03-30,2025-03-30,0.0
TCK-1269,Inicio de Fase,2025-11-17,2025-11-17,0.0
TCK-1269,Resolución del Requerimiento,2025-12-23,2025-12-23,0.0
TCK-1269,Validación QA,2025-11-25,2025-11-25,0.0
TCK-1270,Aprobación por Comité,2025-04-02,2025-04-02,0.0
TCK-1270,Cierre del Ticket,2025-12-24,2025-12-24,0.0
TCK-1270,Creación de Ticket,2025-03-22,2025-03-22,0.0
TCK-1270,Evaluación de Requerimiento,2025-03-23,2025-03-23,0.0
TCK-1270,Fin de Fase,2025-12-09,2025-12-09,0.0
TCK-1270,Ingreso a Backlog,2025-03-31,2025-03-31,0.0
TCK-1270,Inicio de Fase,2025-10-17,2025-10-17,0.0
TCK-1270,Resolución del Requerimiento,2025-12-24,2025-12-24,0.0
TCK-1270,Validación QA,2025-11-28,2025-11-28,0.0
TCK-1271,Aprobación por Comité,2025-04-02,2025-04-02,0.0
TCK-1271,Cierre del Ticket,2025-12-24,2025-12-24,0.0
TCK-1271,Creación de Ticket,2025-03-22,2025-03-22,0.0
TCK-1271,Evaluación de Requerimiento,2025-03-23,2025-03-23,0.0
TCK-1271,Fin de Fase,2025-12-12,2025-12-12,0.0
TCK-1271,Ingreso a Backlog,2025-03-31,2025-03-31,0.0
TCK-1271,Inicio de Fase,2025-09-05,2025-09-05,0.0
TCK-1271,Resolución del Requerimiento,2025-12-24,2025-12-24,0.0
TCK-1271,Validación QA,2025-11-27,2025-11-27,0.0
TCK-1272,Aprobación por Comité,2025-04-02,2025-04-02,0.0
TCK-1272,Cierre del Ticket,2025-12-24,2025-12-24,0.0
TCK-1272,Creación de Ticket,2025-03-22,2025-03-22,0.0
TCK-1272,Evaluación de Requerimiento,2025-03-23,2025-03-23,0.0
TCK-1272,Fin de Fase,2025-12-08,2025-12-08,0.0
TCK-1272,Ingreso a Backlog,2025-03-31,2025-03-31,0.0
TCK-1272,Inicio de Fase,2025-10-08,2025-10-08,0.0
TCK-1272,Resolución del Requerimiento,2025-12-24,2025-12-24,0.0
TCK-1272,Validación QA,2025-12-01,2025-12-01,0.0
TCK-1273,Aprobación por Comité,2025-04-02,2025-04-02,0.0
TCK-1273,Cierre del Ticket,2025-12-24,2025-12-24,0.0
TCK-1273,Creación de Ticket,2025-03-22,2025-03-22,0.0
TCK-1273,Evaluación de Requerimiento,2025-03-23,2025-03-23,0.0
TCK-1273,Fin de Fase,2025-12-03,2025-12-03,0.0
TCK-1273,Ingreso a Backlog,2025-03-31,2025-03-31,0.0
TCK-1273,Inicio de Fase,2025-10-25,2025-10-25,0.0
TCK-1273,Resolución del Requerimiento,2025-12-24,2025-12-24,0.0
TCK-1273,Validación QA,2025-12-02,2025-12-02,0.0
TCK-1274,Aprobación por Comité,2025-04-03,2025-04-03,0.0
TCK-1274,Cierre del Ticket,2025-12-25,2025-12-25,0.0
TCK-1274,Creación de Ticket,2025-03-23,2025-03-23,0.0
TCK-1274,Evaluación de Requerimiento,2025-03-24,2025-03-24,0.0
TCK-1274,Fin de Fase,2025-12-09,2025-12-09,0.0
TCK-1274,Ingreso a Backlog,2025-04-01,2025-04-01,0.0
TCK-1274,Inicio de Fase,2025-11-10,2025-11-10,0.0
TCK-1274,Resolución del Requerimiento,2025-12-25,2025-12-25,0.0
TCK-1274,Validación QA,2025-11-28,2025-11-28,0.0
TCK-1275,Aprobación por Comité,2025-04-03,2025-04-03,0.0
TCK-1275,Cierre del Ticket,2025-12-25,2025-12-25,0.0
TCK-1275,Creación de Ticket,2025-03-23,2025-03-23,0.0
TCK-1275,Evaluación de Requerimiento,2025-03-24,2025-03-24,0.0
TCK-1275,Fin de Fase,2025-12-03,2025-12-03,0.0
TCK-1275,Ingreso a Backlog,2025-04-01,2025-04-01,0.0
TCK-1275,Inicio de Fase,2025-11-01,2025-11-01,0.0
TCK-1275,Resolución del Requerimiento,2025-12-25,2025-12-25,0.0
TCK-1275,Validación QA,2025-12-02,2025-12-02,0.0
TCK-1276,Aprobación por Comité,2025-04-03,2025-04-03,0.0
TCK-1276,Cierre del Ticket,2025-12-25,2025-12-25,0.0
TCK-1276,Creación de Ticket,2025-03-23,2025-03-23,0.0
TCK-1276,Evaluación de Requerimiento,2025-03-24,2025-03-24,0.0
TCK-1276,Fin de Fase,2025-12-08,2025-12-08,0.0
TCK-1276,Ingreso a Backlog,2025-04-01,2025-04-01,0.0
TCK-1276,Inicio de Fase,2025-12-03,2025-12-03,0.0
TCK-1276,Resolución del Requerimiento,2025-12-25,2025-12-25,0.0
TCK-1276,Validación QA,2025-11-24,2025-11-24,0.0
TCK-1277,Aprobación por Comité,2025-04-04,2025-04-04,0.0
TCK-1277,Cierre del Ticket,2025-12-26,2025-12-26,0.0
TCK-1277,Creación de Ticket,2025-03-24,2025-03-24,0.0
TCK-1277,Evaluación de Requerimiento,2025-03-25,2025-03-25,0.0
TCK-1277,Fin de Fase,2025-12-12,2025-12-12,0.0
TCK-1277,Ingreso a Backlog,2025-04-02,2025-04-02,0.0
TCK-1277,Inicio de Fase,2025-10-31,2025-10-31,0.0
TCK-1277,Resolución del Requerimiento,2025-12-26,2025-12-26,0.0
TCK-1277,Validación QA,2025-11-29,2025-11-29,0.0
TCK-1278,Aprobación por Comité,2025-04-04,2025-04-04,0.0
TCK-1278,Cierre del Ticket,2025-12-26,2025-12-26,0.0
TCK-1278,Creación de Ticket,2025-03-24,2025-03-24,0.0
TCK-1278,Evaluación de Requerimiento,2025-03-25,2025-03-25,0.0
TCK-1278,Fin de Fase,2025-12-03,2025-12-03,0.0
TCK-1278,Ingreso a Backlog,2025-04-02,2025-04-02,0.0
TCK-1278,Inicio de Fase,2025-09-28,2025-09-28,0.0
TCK-1278,Resolución del Requerimiento,2025-12-26,2025-12-26,0.0
TCK-1278,Validación QA,2025-11-25,2025-11-25,0.0
TCK-1279,Aprobación por Comité,2025-04-04,2025-04-04,0.0
TCK-1279,Cierre del Ticket,2025-12-26,2025-12-26,0.0
TCK-1279,Creación de Ticket,2025-03-24,2025-03-24,0.0
TCK-1279,Evaluación de Requerimiento,2025-03-25,2025-03-25,0.0
TCK-1279,Fin de Fase,2025-12-10,2025-12-10,0.0
TCK-1279,Ingreso a Backlog,2025-04-02,2025-04-02,0.0
TCK-1279,Inicio de Fase,2025-10-16,2025-10-16,0.0
TCK-1279,Resolución del Requerimiento,2025-12-26,2025-12-26,0.0
TCK-1279,Validación QA,2025-11-30,2025-11-30,0.0
TCK-1280,Aprobación por Comité,2025-04-05,2025-04-05,0.0
TCK-1280,Cierre del Ticket,2025-12-27,2025-12-27,0.0
TCK-1280,Creación de Ticket,2025-03-25,2025-03-25,0.0
TCK-1280,Evaluación de Requerimiento,2025-03-26,2025-03-26,0.0
TCK-1280,Fin de Fase,2025-12-13,2025-12-13,0.0
TCK-1280,Ingreso a Backlog,2025-04-03,2025-04-03,0.0
TCK-1280,Inicio de Fase,2025-10-09,2025-10-09,0.0
TCK-1280,Resolución del Requerimiento,2025-12-27,2025-12-27,0.0
TCK-1280,Validación QA,2025-11-26,2025-11-26,0.0
TCK-1281,Aprobación por Comité,2025-04-05,2025-04-05,0.0
TCK-1281,Cierre del Ticket,2025-12-27,2025-12-27,0.0
TCK-1281,Creación de Ticket,2025-03-25,2025-03-25,0.0
TCK-1281,Evaluación de Requerimiento,2025-03-26,2025-03-26,0.0
TCK-1281,Fin de Fase,2025-12-08,2025-12-08,0.0
TCK-1281,Ingreso a Backlog,2025-04-03,2025-04-03,0.0
TCK-1281,Inicio de Fase,2025-09-26,2025-09-26,0.0
TCK-1281,Resolución del Requerimiento,2025-12-27,2025-12-27,0.0
TCK-1281,Validación QA,2025-11-27,2025-11-27,0.0
TCK-1282,Aprobación por Comité,2025-04-05,2025-04-05,0.0
TCK-1282,Cierre del Ticket,2025-12-27,2025-12-27,0.0
TCK-1282,Creación de Ticket,2025-03-25,2025-03-25,0.0
TCK-1282,Evaluación de Requerimiento,2025-03-26,2025-03-26,0.0
TCK-1282,Fin de Fase,2025-12-06,2025-12-06,0.0
TCK-1282,Ingreso a Backlog,2025-04-03,2025-04-03,0.0
TCK-1282,Inicio de Fase,2025-11-26,2025-11-26,0.0
TCK-1282,Resolución del Requerimiento,2025-12-27,2025-12-27,0.0
TCK-1282,Validación QA,2025-11-27,2025-11-27,0.0
TCK-1283,Aprobación por Comité,2025-04-05,2025-04-05,0.0
TCK-1283,Cierre del Ticket,2025-12-27,2025-12-27,0.0
TCK-1283,Creación de Ticket,2025-03-25,2025-03-25,0.0
TCK-1283,Evaluación de Requerimiento,2025-03-26,2025-03-26,0.0
TCK-1283,Fin de Fase,2025-12-11,2025-12-11,0.0
TCK-1283,Ingreso a Backlog,2025-04-03,2025-04-03,0.0
TCK-1283,Inicio de Fase,2025-09-11,2025-09-11,0.0
TCK-1283,Resolución del Requerimiento,2025-12-27,2025-12-27,0.0
TCK-1283,Validación QA,2025-11-23,2025-11-23,0.0
TCK-1284,Aprobación por Comité,2025-04-06,2025-04-06,0.0
TCK-1284,Cierre del Ticket,2025-12-28,2025-12-28,0.0
TCK-1284,Creación de Ticket,2025-03-26,2025-03-26,0.0
TCK-1284,Evaluación de Requerimiento,2025-03-27,2025-03-27,0.0
TCK-1284,Fin de Fase,2025-12-06,2025-12-06,0.0
TCK-1284,Ingreso a Backlog,2025-04-04,2025-04-04,0.0
TCK-1284,Inicio de Fase,2025-09-17,2025-09-17,0.0
TCK-1284,Resolución del Requerimiento,2025-12-28,2025-12-28,0.0
TCK-1284,Validación QA,2025-11-29,2025-11-29,0.0
TCK-1285,Aprobación por Comité,2025-04-06,2025-04-06,0.0
TCK-1285,Cierre del Ticket,2025-12-28,2025-12-28,0.0
TCK-1285,Creación de Ticket,2025-03-26,2025-03-26,0.0
TCK-1285,Evaluación de Requerimiento,2025-03-27,2025-03-27,0.0
TCK-1285,Fin de Fase,2025-12-13,2025-12-13,0.0
TCK-1285,Ingreso a Backlog,2025-04-04,2025-04-04,0.0
TCK-1285,Inicio de Fase,2025-10-03,2025-10-03,0.0
TCK-1285,Resolución del Requerimiento,2025-12-28,2025-12-28,0.0
TCK-1285,Validación QA,2025-11-26,2025-11-26,0.0
TCK-1286,Aprobación por Comité,2025-04-06,2025-04-06,0.0
TCK-1286,Cierre del Ticket,2025-12-28,2025-12-28,0.0
TCK-1286,Creación de Ticket,2025-03-26,2025-03-26,0.0
TCK-1286,Evaluación de Requerimiento,2025-03-27,2025-03-27,0.0
TCK-1286,Fin de Fase,2025-12-10,2025-12-10,0.0
TCK-1286,Ingreso a Backlog,2025-04-04,2025-04-04,0.0
TCK-1286,Inicio de Fase,2025-10-18,2025-10-18,0.0
TCK-1286,Resolución del Requerimiento,2025-12-28,2025-12-28,0.0
TCK-1286,Validación QA,2025-11-30,2025-11-30,0.0
TCK-1287,Aprobación por Comité,2025-04-07,2025-04-07,0.0
TCK-1287,Cierre del Ticket,2025-12-29,2025-12-29,0.0
TCK-1287,Creación de Ticket,2025-03-27,2025-03-27,0.0
TCK-1287,Evaluación de Requerimiento,2025-03-28,2025-03-28,0.0
TCK-1287,Fin de Fase,2025-12-08,2025-12-08,0.0
TCK-1287,Ingreso a Backlog,2025-04-05,2025-04-05,0.0
TCK-1287,Inicio de Fase,2025-12-03,2025-12-03,0.0
TCK-1287,Resolución del Requerimiento,2025-12-29,2025-12-29,0.0
TCK-1287,Validación QA,2025-11-24,2025-11-24,0.0
TCK-1288,Aprobación por Comité,2025-04-07,2025-04-07,0.0
TCK-1288,Cierre del Ticket,2025-12-29,2025-12-29,0.0
TCK-1288,Creación de Ticket,2025-03-27,2025-03-27,0.0
TCK-1288,Evaluación de Requerimiento,2025-03-28,2025-03-28,0.0
TCK-1288,Fin de Fase,2025-12-10,2025-12-10,0.0
TCK-1288,Ingreso a Backlog,2025-04-05,2025-04-05,0.0
TCK-1288,Inicio de Fase,2025-11-10,2025-11-10,0.0
TCK-1288,Resolución del Requerimiento,2025-12-29,2025-12-29,0.0
TCK-1288,Validación QA,2025-11-26,2025-11-26,0.0
TCK-1289,Aprobación por Comité,2025-04-07,2025-04-07,0.0
TCK-1289,Cierre del Ticket,2025-12-29,2025-12-29,0.0
TCK-1289,Creación de Ticket,2025-03-27,2025-03-27,0.0
TCK-1289,Evaluación de Requerimiento,2025-03-28,2025-03-28,0.0
TCK-1289,Fin de Fase,2025-12-06,2025-12-06,0.0
TCK-1289,Ingreso a Backlog,2025-04-05,2025-04-05,0.0
TCK-1289,Inicio de Fase,2025-09-09,2025-09-09,0.0
TCK-1289,Resolución del Requerimiento,2025-12-29,2025-12-29,0.0
TCK-1289,Validación QA,2025-11-28,2025-11-28,0.0
TCK-1290,Aprobación por Comité,2025-04-08,2025-04-08,0.0
TCK-1290,Cierre del Ticket,2025-12-30,2025-12-30,0.0
TCK-1290,Creación de Ticket,2025-03-28,2025-03-28,0.0
TCK-1290,Evaluación de Requerimiento,2025-03-29,2025-03-29,0.0
TCK-1290,Fin de Fase,2025-12-07,2025-12-07,0.0
TCK-1290,Ingreso a Backlog,2025-04-06,2025-04-06,0.0
TCK-1290,Inicio de Fase,2025-10-19,2025-10-19,0.0
TCK-1290,Resolución del Requerimiento,2025-12-30,2025-12-30,0.0
TCK-1290,Validación QA,2025-12-02,2025-12-02,0.0
TCK-1291,Aprobación por Comité,2025-04-08,2025-04-08,0.0
TCK-1291,Cierre del Ticket,2025-12-30,2025-12-30,0.0
TCK-1291,Creación de Ticket,2025-03-28,2025-03-28,0.0
TCK-1291,Evaluación de Requerimiento,2025-03-29,2025-03-29,0.0
TCK-1291,Fin de Fase,2025-12-07,2025-12-07,0.0
TCK-1291,Ingreso a Backlog,2025-04-06,2025-04-06,0.0
TCK-1291,Inicio de Fase,2025-10-12,2025-10-12,0.0
TCK-1291,Resolución del Requerimiento,2025-12-30,2025-12-30,0.0
TCK-1291,Validación QA,2025-11-27,2025-11-27,0.0
TCK-1292,Aprobación por Comité,2025-04-08,2025-04-08,0.0
TCK-1292,Cierre del Ticket,2025-12-30,2025-12-30,0.0
TCK-1292,Creación de Ticket,2025-03-28,2025-03-28,0.0
TCK-1292,Evaluación de Requerimiento,2025-03-29,2025-03-29,0.0
TCK-1292,Fin de Fase,2025-12-04,2025-12-04,0.0
TCK-1292,Ingreso a Backlog,2025-04-06,2025-04-06,0.0
TCK-1292,Inicio de Fase,2025-09-15,2025-09-15,0.0
TCK-1292,Resolución del Requerimiento,2025-12-30,2025-12-30,0.0
TCK-1292,Validación QA,2025-12-03,2025-12-03,0.0
TCK-1293,Aprobación por Comité,2025-04-08,2025-04-08,0.0
TCK-1293,Cierre del Ticket,2025-12-30,2025-12-30,0.0
TCK-1293,Creación de Ticket,2025-03-28,2025-03-28,0.0
TCK-1293,Evaluación de Requerimiento,2025-03-29,2025-03-29,0.0
TCK-1293,Fin de Fase,2025-12-07,2025-12-07,0.0
TCK-1293,Ingreso a Backlog,2025-04-06,2025-04-06,0.0
TCK-1293,Inicio de Fase,2025-11-18,2025-11-18,0.0
TCK-1293,Resolución del Requerimiento,2025-12-30,2025-12-30,0.0
TCK-1293,Validación QA,2025-11-29,2025-11-29,0.0
TCK-1294,Aprobación por Comité,2025-04-09,2025-04-09,0.0
TCK-1294,Cierre del Ticket,2025-12-31,2025-12-31,0.0
TCK-1294,Creación de Ticket,2025-03-29,2025-03-29,0.0
TCK-1294,Evaluación de Requerimiento,2025-03-30,2025-03-30,0.0
TCK-1294,Fin de Fase,2025-12-13,2025-12-13,0.0
TCK-1294,Ingreso a Backlog,2025-04-07,2025-04-07,0.0
TCK-1294,Inicio de Fase,2025-11-09,2025-11-09,0.0
TCK-1294,Resolución del Requerimiento,2025-12-31,2025-12-31,0.0
TCK-1294,Validación QA,2025-11-23,2025-11-23,0.0
TCK-1295,Aprobación por Comité,2025-04-09,2025-04-09,0.0
TCK-1295,Cierre del Ticket,2025-12-31,2025-12-31,0.0
TCK-1295,Creación de Ticket,2025-03-29,2025-03-29,0.0
TCK-1295,Evaluación de Requerimiento,2025-03-30,2025-03-30,0.0
TCK-1295,Fin de Fase,2025-12-08,2025-12-08,0.0
TCK-1295,Ingreso a Backlog,2025-04-07,2025-04-07,0.0
TCK-1295,Inicio de Fase,2025-11-03,2025-11-03,0.0
TCK-1295,Resolución del Requerimiento,2025-12-31,2025-12-31,0.0
TCK-1295,Validación QA,2025-12-01,2025-12-01,0.0
TCK-1296,Aprobación por Comité,2025-04-09,2025-04-09,0.0
TCK-1296,Cierre del Ticket,2025-12-31,2025-12-31,0.0
TCK-1296,Creación de Ticket,2025-03-29,2025-03-29,0.0
TCK-1296,Evaluación de Requerimiento,2025-03-30,2025-03-30,0.0
TCK-1296,Fin de Fase,2025-12-09,2025-12-09,0.0
TCK-1296,Ingreso a Backlog,2025-04-07,2025-04-07,0.0
TCK-1296,Inicio de Fase,2025-11-23,2025-11-23,0.0
TCK-1296,Resolución del Requerimiento,2025-12-31,2025-12-31,0.0
TCK-1296,Validación QA,2025-11-30,2025-11-30,0.0
TCK-1297,Aprobación por Comité,2025-04-10,2025-04-10,0.0
TCK-1297,Cierre del Ticket,2026-01-01,2026-01-01,0.0
TCK-1297,Creación de Ticket,2025-03-30,2025-03-30,0.0
TCK-1297,Evaluación de Requerimiento,2025-03-31,2025-03-31,0.0
TCK-1297,Fin de Fase,2025-12-13,2025-12-13,0.0
TCK-1297,Ingreso a Backlog,2025-04-08,2025-04-08,0.0
TCK-1297,Inicio de Fase,2025-09-19,2025-09-19,0.0
TCK-1297,Resolución del Requerimiento,2026-01-01,2026-01-01,0.0
TCK-1297,Validación QA,2025-12-01,2025-12-01,0.0
TCK-1298,Aprobación por Comité,2025-04-10,2025-04-10,0.0
TCK-1298,Cierre del Ticket,2026-01-01,2026-01-01,0.0
TCK-1298,Creación de Ticket,2025-03-30,2025-03-30,0.0
TCK-1298,Evaluación de Requerimiento,2025-03-31,2025-03-31,0.0
TCK-1298,Fin de Fase,2025-12-13,2025-12-13,0.0
TCK-1298,Ingreso a Backlog,2025-04-08,2025-04-08,0.0
TCK-1298,Inicio de Fase,2025-10-24,2025-10-24,0.0
TCK-1298,Resolución del Requerimiento,2026-01-01,2026-01-01,0.0
TCK-1298,Validación QA,2025-11-24,2025-11-24,0.0
TCK-1299,Aprobación por Comité,2025-04-10,2025-04-10,0.0
TCK-1299,Cierre del Ticket,2026-01-01,2026-01-01,0.0
TCK-1299,Creación de Ticket,2025-03-30,2025-03-30,0.0
TCK-1299,Evaluación de Requerimiento,2025-03-31,2025-03-31,0.0
TCK-1299,Fin de Fase,2025-12-12,2025-12-12,0.0
TCK-1299,Ingreso a Backlog,2025-04-08,2025-04-08,0.0
TCK-1299,Inicio de Fase,2025-10-19,2025-10-19,0.0
TCK-1299,Resolución del Requerimiento,2026-01-01,2026-01-01,0.0
TCK-1299,Validación QA,2025-12-02,2025-12-02,0.0
TCK-1300,Aprobación por Comité,2025-04-11,2025-04-11,0.0
TCK-1300,Cierre del Ticket,2026-01-02,2026-01-02,0.0
TCK-1300,Creación de Ticket,2025-03-31,2025-03-31,0.0
TCK-1300,Evaluación de Requerimiento,2025-04-01,2025-04-01,0.0
TCK-1300,Fin de Fase,2025-12-10,2025-12-10,0.0
TCK-1300,Ingreso a Backlog,2025-04-09,2025-04-09,0.0
TCK-1300,Inicio de Fase,2025-11-12,2025-11-12,0.0
TCK-1300,Resolución del Requerimiento,2026-01-02,2026-01-02,0.0
TCK-1300,Validación QA,2025-12-03,2025-12-03,0.0
